cohort_year,origin_type,origin_state,origin_county,origin_name,origin_class,origin_confidence,movers,origin_lat,origin_lon,dest_name,dest_lat,dest_lon
2016,NC_COUNTY,NC,ALAMANCE,Alamance County,INTRASTATE,OBSERVED,3,36.04356978350832,-79.3994957896289,"Belmont, NC",35.22117177784096,-81.04009100696649
2016,NC_COUNTY,NC,ALEXANDER,Alexander County,INTRASTATE,OBSERVED,1,35.921020326828554,-81.17705870469763,"Belmont, NC",35.22117177784096,-81.04009100696649
2016,NC_COUNTY,NC,BRUNSWICK,Brunswick County,INTRASTATE,OBSERVED,2,34.071564884386376,-78.2385613310926,"Belmont, NC",35.22117177784096,-81.04009100696649
2016,NC_COUNTY,NC,BUNCOMBE,Buncombe County,INTRASTATE,OBSERVED,8,35.61119345293204,-82.53015455609533,"Belmont, NC",35.22117177784096,-81.04009100696649
2016,NC_COUNTY,NC,CABARRUS,Cabarrus County,INTRASTATE,OBSERVED,14,35.386772835539844,-80.5518923176394,"Belmont, NC",35.22117177784096,-81.04009100696649
2016,NC_COUNTY,NC,CABARRUS,Cabarrus County,INTRASTATE_HISTORY,HISTORICAL_OBSERVED,1,35.386772835539844,-80.5518923176394,"Belmont, NC",35.22117177784096,-81.04009100696649
2016,NC_COUNTY,NC,CATAWBA,Catawba County,INTRASTATE,OBSERVED,4,35.66207984306163,-81.21509159261818,"Belmont, NC",35.22117177784096,-81.04009100696649
2016,NC_COUNTY,NC,CHATHAM,Chatham County,INTRASTATE,OBSERVED,1,35.70267964585222,-79.25553285267836,"Belmont, NC",35.22117177784096,-81.04009100696649
2016,NC_COUNTY,NC,CLAY,Clay County,INTRASTATE,OBSERVED,2,35.05726258260028,-83.75017837772336,"Belmont, NC",35.22117177784096,-81.04009100696649
2016,NC_COUNTY,NC,CLEVELAND,Cleveland County,INTRASTATE,OBSERVED,23,35.33399154637611,-81.55550498010103,"Belmont, NC",35.22117177784096,-81.04009100696649
2016,NC_COUNTY,NC,CLEVELAND,Cleveland County,INTRASTATE_HISTORY,HISTORICAL_OBSERVED,3,35.33399154637611,-81.55550498010103,"Belmont, NC",35.22117177784096,-81.04009100696649
2016,NC_COUNTY,NC,CRAVEN,Craven County,INTRASTATE,OBSERVED,2,35.12467137990156,-77.09350226847458,"Belmont, NC",35.22117177784096,-81.04009100696649
2016,NC_COUNTY,NC,CUMBERLAND,Cumberland County,INTRASTATE,OBSERVED,2,35.04867707071828,-78.82765130297253,"Belmont, NC",35.22117177784096,-81.04009100696649
2016,NC_COUNTY,NC,DAVIDSON,Davidson County,INTRASTATE,OBSERVED,1,35.79312147781754,-80.21270323395977,"Belmont, NC",35.22117177784096,-81.04009100696649
2016,NC_COUNTY,NC,DURHAM,Durham County,INTRASTATE,OBSERVED,6,36.03590148047604,-78.87665436662104,"Belmont, NC",35.22117177784096,-81.04009100696649
2016,NC_COUNTY,NC,DURHAM,Durham County,INTRASTATE_HISTORY,HISTORICAL_OBSERVED,1,36.03590148047604,-78.87665436662104,"Belmont, NC",35.22117177784096,-81.04009100696649
2016,NC_COUNTY,NC,FORSYTH,Forsyth County,INTRASTATE,OBSERVED,6,36.130573721893136,-80.25640911600267,"Belmont, NC",35.22117177784096,-81.04009100696649
2016,NC_COUNTY,NC,FORSYTH,Forsyth County,INTRASTATE_HISTORY,HISTORICAL_OBSERVED,2,36.130573721893136,-80.25640911600267,"Belmont, NC",35.22117177784096,-81.04009100696649
2016,NC_COUNTY,NC,GASTON,Gaston County,INTRASTATE,OBSERVED,470,35.294354650291226,-81.18025260813421,"Belmont, NC",35.22117177784096,-81.04009100696649
2016,NC_COUNTY,NC,GASTON,Gaston County,INTRASTATE_HISTORY,HISTORICAL_OBSERVED,18,35.294354650291226,-81.18025260813421,"Belmont, NC",35.22117177784096,-81.04009100696649
2016,NC_COUNTY,NC,GUILFORD,Guilford County,INTRASTATE,OBSERVED,8,36.07946084123937,-79.7889324888994,"Belmont, NC",35.22117177784096,-81.04009100696649
2016,NC_COUNTY,NC,GUILFORD,Guilford County,INTRASTATE_HISTORY,HISTORICAL_OBSERVED,1,36.07946084123937,-79.7889324888994,"Belmont, NC",35.22117177784096,-81.04009100696649
2016,NC_COUNTY,NC,HAYWOOD,Haywood County,INTRASTATE,OBSERVED,1,35.55592010050248,-82.98205532932124,"Belmont, NC",35.22117177784096,-81.04009100696649
2016,NC_COUNTY,NC,HENDERSON,Henderson County,INTRASTATE,OBSERVED,1,35.33628082915664,-82.48001411773696,"Belmont, NC",35.22117177784096,-81.04009100696649
2016,NC_COUNTY,NC,HOKE,Hoke County,INTRASTATE,OBSERVED,1,35.01748255316364,-79.23727790503699,"Belmont, NC",35.22117177784096,-81.04009100696649
2016,NC_COUNTY,NC,IREDELL,Iredell County,INTRASTATE,OBSERVED,9,35.80681999258031,-80.87350048287874,"Belmont, NC",35.22117177784096,-81.04009100696649
2016,NC_COUNTY,NC,JACKSON,Jackson County,INTRASTATE,OBSERVED,4,35.28748188245961,-83.14074324457448,"Belmont, NC",35.22117177784096,-81.04009100696649
2016,NC_COUNTY,NC,JOHNSTON,Johnston County,INTRASTATE,OBSERVED,2,35.51774182450904,-78.36583517790054,"Belmont, NC",35.22117177784096,-81.04009100696649
2016,NC_COUNTY,NC,LINCOLN,Lincoln County,INTRASTATE,OBSERVED,11,35.485689248223174,-81.22347171058279,"Belmont, NC",35.22117177784096,-81.04009100696649
2016,NC_COUNTY,NC,MARTIN,Martin County,INTRASTATE,OBSERVED,1,35.84323068386945,-77.10904752756144,"Belmont, NC",35.22117177784096,-81.04009100696649
2016,NC_COUNTY,NC,MECKLENBURG,Mecklenburg County,INTRASTATE,OBSERVED,286,35.24659284892326,-80.83279692633934,"Belmont, NC",35.22117177784096,-81.04009100696649
2016,NC_COUNTY,NC,MECKLENBURG,Mecklenburg County,INTRASTATE_HISTORY,HISTORICAL_OBSERVED,19,35.24659284892326,-80.83279692633934,"Belmont, NC",35.22117177784096,-81.04009100696649
2016,NC_COUNTY,NC,MITCHELL,Mitchell County,INTRASTATE,OBSERVED,2,36.01324542726343,-82.16353420952042,"Belmont, NC",35.22117177784096,-81.04009100696649
2016,NC_COUNTY,NC,NEW HANOVER,New Hanover County,INTRASTATE,OBSERVED,4,34.23279422545474,-77.88481602758729,"Belmont, NC",35.22117177784096,-81.04009100696649
2016,NC_COUNTY,NC,ORANGE,Orange County,INTRASTATE,OBSERVED,6,36.06101884485183,-79.12073315372179,"Belmont, NC",35.22117177784096,-81.04009100696649
2016,NC_COUNTY,NC,PASQUOTANK,Pasquotank County,INTRASTATE,OBSERVED,1,36.29545788045081,-76.28410563908919,"Belmont, NC",35.22117177784096,-81.04009100696649
2016,NC_COUNTY,NC,PITT,Pitt County,INTRASTATE,OBSERVED,11,35.593207072532294,-77.37446702606579,"Belmont, NC",35.22117177784096,-81.04009100696649
2016,NC_COUNTY,NC,RANDOLPH,Randolph County,INTRASTATE,OBSERVED,1,35.71028605270466,-79.80605612909036,"Belmont, NC",35.22117177784096,-81.04009100696649
2016,NC_COUNTY,NC,RICHMOND,Richmond County,INTRASTATE,OBSERVED,2,35.00587494388242,-79.74783871362447,"Belmont, NC",35.22117177784096,-81.04009100696649
2016,NC_COUNTY,NC,ROBESON,Robeson County,INTRASTATE,OBSERVED,1,34.64009494809851,-79.10398344279173,"Belmont, NC",35.22117177784096,-81.04009100696649
2016,NC_COUNTY,NC,ROWAN,Rowan County,INTRASTATE,OBSERVED,2,35.63942430786188,-80.52462655561763,"Belmont, NC",35.22117177784096,-81.04009100696649
2016,NC_COUNTY,NC,RUTHERFORD,Rutherford County,INTRASTATE,OBSERVED,6,35.40255418041544,-81.9198160736472,"Belmont, NC",35.22117177784096,-81.04009100696649
2016,NC_COUNTY,NC,RUTHERFORD,Rutherford County,INTRASTATE_HISTORY,HISTORICAL_OBSERVED,1,35.40255418041544,-81.9198160736472,"Belmont, NC",35.22117177784096,-81.04009100696649
2016,NC_COUNTY,NC,SCOTLAND,Scotland County,INTRASTATE,OBSERVED,1,34.84082903793072,-79.4804090831792,"Belmont, NC",35.22117177784096,-81.04009100696649
2016,NC_COUNTY,NC,STANLY,Stanly County,INTRASTATE,OBSERVED,2,35.31185948181319,-80.25106604580184,"Belmont, NC",35.22117177784096,-81.04009100696649
2016,NC_COUNTY,NC,TRANSYLVANIA,Transylvania County,INTRASTATE,OBSERVED,1,35.202117211379175,-82.79832800077503,"Belmont, NC",35.22117177784096,-81.04009100696649
2016,NC_COUNTY,NC,UNION,Union County,INTRASTATE,OBSERVED,15,34.98838839323316,-80.53082116524683,"Belmont, NC",35.22117177784096,-81.04009100696649
2016,NC_COUNTY,NC,UNION,Union County,INTRASTATE_HISTORY,HISTORICAL_OBSERVED,3,34.98838839323316,-80.53082116524683,"Belmont, NC",35.22117177784096,-81.04009100696649
2016,NC_COUNTY,NC,WAKE,Wake County,INTRASTATE,OBSERVED,18,35.790281477623374,-78.65053399734842,"Belmont, NC",35.22117177784096,-81.04009100696649
2016,NC_COUNTY,NC,WAKE,Wake County,INTRASTATE_HISTORY,HISTORICAL_OBSERVED,4,35.790281477623374,-78.65053399734842,"Belmont, NC",35.22117177784096,-81.04009100696649
2016,NC_COUNTY,NC,WATAUGA,Watauga County,INTRASTATE,OBSERVED,11,36.23110745983036,-81.69639836242078,"Belmont, NC",35.22117177784096,-81.04009100696649
2016,NC_COUNTY,NC,WILKES,Wilkes County,INTRASTATE,OBSERVED,2,36.20618110588303,-81.16305922307903,"Belmont, NC",35.22117177784096,-81.04009100696649
2016,NC_COUNTY,NC,YADKIN,Yadkin County,INTRASTATE,OBSERVED,1,36.16055174938937,-80.66525972797155,"Belmont, NC",35.22117177784096,-81.04009100696649
2016,STATE,AK,,Alaska,LIKELY_INTERSTATE,INFERRED,1,63.93032170114928,-152.21349353042285,"Belmont, NC",35.22117177784096,-81.04009100696649
2016,STATE,AL,,Alabama,LIKELY_INTERSTATE,INFERRED,6,32.77865398432238,-86.83208592589429,"Belmont, NC",35.22117177784096,-81.04009100696649
2016,STATE,AR,,Arkansas,LIKELY_INTERSTATE,INFERRED,1,34.8954200618146,-92.44316285668728,"Belmont, NC",35.22117177784096,-81.04009100696649
2016,STATE,CA,,California,LIKELY_INTERSTATE,INFERRED,8,37.195015980975256,-119.45260752173496,"Belmont, NC",35.22117177784096,-81.04009100696649
2016,STATE,CO,,Colorado,LIKELY_INTERSTATE,INFERRED,1,38.9991768781769,-105.54646491483976,"Belmont, NC",35.22117177784096,-81.04009100696649
2016,STATE,CT,,Connecticut,LIKELY_INTERSTATE,INFERRED,1,41.62087941418429,-72.72674329652416,"Belmont, NC",35.22117177784096,-81.04009100696649
2016,STATE,DC,,District of Columbia,LIKELY_INTERSTATE,INFERRED,1,38.90471868390403,-77.01628184916417,"Belmont, NC",35.22117177784096,-81.04009100696649
2016,STATE,DE,,Delaware,LIKELY_INTERSTATE,INFERRED,2,38.98498921805609,-75.49970439017494,"Belmont, NC",35.22117177784096,-81.04009100696649
2016,STATE,FL,,Florida,LIKELY_INTERSTATE,INFERRED,13,28.62044930535815,-82.45830296594168,"Belmont, NC",35.22117177784096,-81.04009100696649
2016,STATE,GA,,Georgia,LIKELY_INTERSTATE,INFERRED,11,32.639846433271394,-83.43858043148052,"Belmont, NC",35.22117177784096,-81.04009100696649
2016,STATE,HI,,Hawaii,LIKELY_INTERSTATE,INFERRED,1,20.265583655526736,-156.33090583031864,"Belmont, NC",35.22117177784096,-81.04009100696649
2016,STATE,IA,,Iowa,LIKELY_INTERSTATE,INFERRED,2,42.07570717215674,-93.49667517230012,"Belmont, NC",35.22117177784096,-81.04009100696649
2016,STATE,ID,,Idaho,LIKELY_INTERSTATE,INFERRED,1,44.351754235719305,-114.60703931394234,"Belmont, NC",35.22117177784096,-81.04009100696649
2016,STATE,IL,,Illinois,LIKELY_INTERSTATE,INFERRED,6,40.04261742732908,-89.19893900970987,"Belmont, NC",35.22117177784096,-81.04009100696649
2016,STATE,IN,,Indiana,LIKELY_INTERSTATE,INFERRED,4,39.89463686417238,-86.2833957949957,"Belmont, NC",35.22117177784096,-81.04009100696649
2016,STATE,KS,,Kansas,LIKELY_INTERSTATE,INFERRED,2,38.49574371430764,-98.37884819171762,"Belmont, NC",35.22117177784096,-81.04009100696649
2016,STATE,KY,,Kentucky,LIKELY_INTERSTATE,INFERRED,2,37.53712733600597,-85.30346084723276,"Belmont, NC",35.22117177784096,-81.04009100696649
2016,STATE,LA,,Louisiana,LIKELY_INTERSTATE,INFERRED,2,31.05523158022833,-91.97443411850524,"Belmont, NC",35.22117177784096,-81.04009100696649
2016,STATE,MA,,Massachusetts,LIKELY_INTERSTATE,INFERRED,6,42.255816316543104,-71.7977182168355,"Belmont, NC",35.22117177784096,-81.04009100696649
2016,STATE,MD,,Maryland,LIKELY_INTERSTATE,INFERRED,8,39.03785641550878,-76.76493346709103,"Belmont, NC",35.22117177784096,-81.04009100696649
2016,STATE,ME,,Maine,LIKELY_INTERSTATE,INFERRED,2,45.36004087593969,-69.24274701104633,"Belmont, NC",35.22117177784096,-81.04009100696649
2016,STATE,MI,,Michigan,LIKELY_INTERSTATE,INFERRED,10,44.31937386941218,-85.38538790413351,"Belmont, NC",35.22117177784096,-81.04009100696649
2016,STATE,MN,,Minnesota,LIKELY_INTERSTATE,INFERRED,2,46.28041649056275,-94.30718404737094,"Belmont, NC",35.22117177784096,-81.04009100696649
2016,STATE,MO,,Missouri,LIKELY_INTERSTATE,INFERRED,3,38.35768861327401,-92.45901758277384,"Belmont, NC",35.22117177784096,-81.04009100696649
2016,STATE,MS,,Mississippi,LIKELY_INTERSTATE,INFERRED,3,32.73733149907692,-89.66953793664956,"Belmont, NC",35.22117177784096,-81.04009100696649
2016,STATE,MT,,Montana,LIKELY_INTERSTATE,INFERRED,1,47.05134978839722,-109.62964658129494,"Belmont, NC",35.22117177784096,-81.04009100696649
2016,STATE,NE,,Nebraska,LIKELY_INTERSTATE,INFERRED,2,41.53897059661713,-99.79472310860169,"Belmont, NC",35.22117177784096,-81.04009100696649
2016,STATE,NH,,New Hampshire,LIKELY_INTERSTATE,INFERRED,1,43.67943432730117,-71.58188993134762,"Belmont, NC",35.22117177784096,-81.04009100696649
2016,STATE,NJ,,New Jersey,LIKELY_INTERSTATE,INFERRED,11,40.17985188733225,-74.66480227556326,"Belmont, NC",35.22117177784096,-81.04009100696649
2016,STATE,NY,,New York,LIKELY_INTERSTATE,INFERRED,31,42.93889286614667,-75.51233274442579,"Belmont, NC",35.22117177784096,-81.04009100696649
2016,STATE,OH,,Ohio,LIKELY_INTERSTATE,INFERRED,17,40.287860976537495,-82.79610435848963,"Belmont, NC",35.22117177784096,-81.04009100696649
2016,STATE,PA,,Pennsylvania,LIKELY_INTERSTATE,INFERRED,8,40.87930649663473,-77.8014225886494,"Belmont, NC",35.22117177784096,-81.04009100696649
2016,STATE,SC,,South Carolina,LIKELY_INTERSTATE,INFERRED,21,33.90748034803903,-80.89156682738907,"Belmont, NC",35.22117177784096,-81.04009100696649
2016,STATE,TN,,Tennessee,LIKELY_INTERSTATE,INFERRED,5,35.86155915153913,-86.35121521678391,"Belmont, NC",35.22117177784096,-81.04009100696649
2016,STATE,TX,,Texas,LIKELY_INTERSTATE,INFERRED,3,31.47679839840276,-99.32159658582172,"Belmont, NC",35.22117177784096,-81.04009100696649
2016,STATE,UT,,Utah,LIKELY_INTERSTATE,INFERRED,1,39.30705711463798,-111.66729766531152,"Belmont, NC",35.22117177784096,-81.04009100696649
2016,STATE,VA,,Virginia,LIKELY_INTERSTATE,INFERRED,14,37.52327730775844,-78.82595236892821,"Belmont, NC",35.22117177784096,-81.04009100696649
2016,STATE,WA,,Washington,LIKELY_INTERSTATE,INFERRED,3,47.3825012154174,-120.44797492989149,"Belmont, NC",35.22117177784096,-81.04009100696649
2016,STATE,WI,,Wisconsin,LIKELY_INTERSTATE,INFERRED,2,44.62461393686736,-89.99602543362398,"Belmont, NC",35.22117177784096,-81.04009100696649
2016,STATE,WV,,West Virginia,LIKELY_INTERSTATE,INFERRED,5,38.64199518801285,-80.6252617726051,"Belmont, NC",35.22117177784096,-81.04009100696649
2016,STATE,WY,,Wyoming,LIKELY_INTERSTATE,INFERRED,1,42.99629401150719,-107.54958918299356,"Belmont, NC",35.22117177784096,-81.04009100696649
2017,NC_COUNTY,NC,ALAMANCE,Alamance County,INTRASTATE,OBSERVED,1,36.04356978350832,-79.3994957896289,"Belmont, NC",35.22117177784096,-81.04009100696649
2017,NC_COUNTY,NC,ALEXANDER,Alexander County,INTRASTATE,OBSERVED,1,35.921020326828554,-81.17705870469763,"Belmont, NC",35.22117177784096,-81.04009100696649
2017,NC_COUNTY,NC,BEAUFORT,Beaufort County,INTRASTATE,OBSERVED,1,35.49393150118951,-76.85982590630225,"Belmont, NC",35.22117177784096,-81.04009100696649
2017,NC_COUNTY,NC,BRUNSWICK,Brunswick County,INTRASTATE,OBSERVED,1,34.071564884386376,-78.2385613310926,"Belmont, NC",35.22117177784096,-81.04009100696649
2017,NC_COUNTY,NC,BUNCOMBE,Buncombe County,INTRASTATE,OBSERVED,1,35.61119345293204,-82.53015455609533,"Belmont, NC",35.22117177784096,-81.04009100696649
2017,NC_COUNTY,NC,BURKE,Burke County,INTRASTATE,OBSERVED,3,35.74958210762996,-81.70461451500731,"Belmont, NC",35.22117177784096,-81.04009100696649
2017,NC_COUNTY,NC,CABARRUS,Cabarrus County,INTRASTATE,OBSERVED,5,35.386772835539844,-80.5518923176394,"Belmont, NC",35.22117177784096,-81.04009100696649
2017,NC_COUNTY,NC,CABARRUS,Cabarrus County,INTRASTATE_HISTORY,HISTORICAL_OBSERVED,1,35.386772835539844,-80.5518923176394,"Belmont, NC",35.22117177784096,-81.04009100696649
2017,NC_COUNTY,NC,CATAWBA,Catawba County,INTRASTATE,OBSERVED,1,35.66207984306163,-81.21509159261818,"Belmont, NC",35.22117177784096,-81.04009100696649
2017,NC_COUNTY,NC,CHATHAM,Chatham County,INTRASTATE,OBSERVED,1,35.70267964585222,-79.25553285267836,"Belmont, NC",35.22117177784096,-81.04009100696649
2017,NC_COUNTY,NC,CLEVELAND,Cleveland County,INTRASTATE,OBSERVED,2,35.33399154637611,-81.55550498010103,"Belmont, NC",35.22117177784096,-81.04009100696649
2017,NC_COUNTY,NC,CRAVEN,Craven County,INTRASTATE,OBSERVED,1,35.12467137990156,-77.09350226847458,"Belmont, NC",35.22117177784096,-81.04009100696649
2017,NC_COUNTY,NC,DAVIDSON,Davidson County,INTRASTATE,OBSERVED,1,35.79312147781754,-80.21270323395977,"Belmont, NC",35.22117177784096,-81.04009100696649
2017,NC_COUNTY,NC,DURHAM,Durham County,INTRASTATE,OBSERVED,1,36.03590148047604,-78.87665436662104,"Belmont, NC",35.22117177784096,-81.04009100696649
2017,NC_COUNTY,NC,FORSYTH,Forsyth County,INTRASTATE,OBSERVED,4,36.130573721893136,-80.25640911600267,"Belmont, NC",35.22117177784096,-81.04009100696649
2017,NC_COUNTY,NC,GASTON,Gaston County,INTRASTATE,OBSERVED,267,35.294354650291226,-81.18025260813421,"Belmont, NC",35.22117177784096,-81.04009100696649
2017,NC_COUNTY,NC,GASTON,Gaston County,INTRASTATE_HISTORY,HISTORICAL_OBSERVED,3,35.294354650291226,-81.18025260813421,"Belmont, NC",35.22117177784096,-81.04009100696649
2017,NC_COUNTY,NC,GUILFORD,Guilford County,INTRASTATE,OBSERVED,5,36.07946084123937,-79.7889324888994,"Belmont, NC",35.22117177784096,-81.04009100696649
2017,NC_COUNTY,NC,JACKSON,Jackson County,INTRASTATE,OBSERVED,1,35.28748188245961,-83.14074324457448,"Belmont, NC",35.22117177784096,-81.04009100696649
2017,NC_COUNTY,NC,JOHNSTON,Johnston County,INTRASTATE,OBSERVED,1,35.51774182450904,-78.36583517790054,"Belmont, NC",35.22117177784096,-81.04009100696649
2017,NC_COUNTY,NC,LEE,Lee County,INTRASTATE,OBSERVED,1,35.475173938684016,-79.17153614048837,"Belmont, NC",35.22117177784096,-81.04009100696649
2017,NC_COUNTY,NC,LINCOLN,Lincoln County,INTRASTATE,OBSERVED,3,35.485689248223174,-81.22347171058279,"Belmont, NC",35.22117177784096,-81.04009100696649
2017,NC_COUNTY,NC,MCDOWELL,Mcdowell County,INTRASTATE_HISTORY,HISTORICAL_OBSERVED,1,35.68165796070379,-82.04936198653988,"Belmont, NC",35.22117177784096,-81.04009100696649
2017,NC_COUNTY,NC,MECKLENBURG,Mecklenburg County,INTRASTATE,OBSERVED,123,35.24659284892326,-80.83279692633934,"Belmont, NC",35.22117177784096,-81.04009100696649
2017,NC_COUNTY,NC,MECKLENBURG,Mecklenburg County,INTRASTATE_HISTORY,HISTORICAL_OBSERVED,1,35.24659284892326,-80.83279692633934,"Belmont, NC",35.22117177784096,-81.04009100696649
2017,NC_COUNTY,NC,NASH,Nash County,INTRASTATE,OBSERVED,1,35.96719753076504,-77.98666431782628,"Belmont, NC",35.22117177784096,-81.04009100696649
2017,NC_COUNTY,NC,NEW HANOVER,New Hanover County,INTRASTATE,OBSERVED,2,34.23279422545474,-77.88481602758729,"Belmont, NC",35.22117177784096,-81.04009100696649
2017,NC_COUNTY,NC,ONSLOW,Onslow County,INTRASTATE,OBSERVED,1,34.732162549183485,-77.4321855584936,"Belmont, NC",35.22117177784096,-81.04009100696649
2017,NC_COUNTY,NC,RANDOLPH,Randolph County,INTRASTATE,OBSERVED,1,35.71028605270466,-79.80605612909036,"Belmont, NC",35.22117177784096,-81.04009100696649
2017,NC_COUNTY,NC,ROCKINGHAM,Rockingham County,INTRASTATE,OBSERVED,1,36.39603618096806,-79.77502142142185,"Belmont, NC",35.22117177784096,-81.04009100696649
2017,NC_COUNTY,NC,RUTHERFORD,Rutherford County,INTRASTATE,OBSERVED,2,35.40255418041544,-81.9198160736472,"Belmont, NC",35.22117177784096,-81.04009100696649
2017,NC_COUNTY,NC,UNION,Union County,INTRASTATE,OBSERVED,6,34.98838839323316,-80.53082116524683,"Belmont, NC",35.22117177784096,-81.04009100696649
2017,NC_COUNTY,NC,UNION,Union County,INTRASTATE_HISTORY,HISTORICAL_OBSERVED,1,34.98838839323316,-80.53082116524683,"Belmont, NC",35.22117177784096,-81.04009100696649
2017,NC_COUNTY,NC,WAKE,Wake County,INTRASTATE,OBSERVED,4,35.790281477623374,-78.65053399734842,"Belmont, NC",35.22117177784096,-81.04009100696649
2017,NC_COUNTY,NC,WATAUGA,Watauga County,INTRASTATE,OBSERVED,3,36.23110745983036,-81.69639836242078,"Belmont, NC",35.22117177784096,-81.04009100696649
2017,STATE,AR,,Arkansas,LIKELY_INTERSTATE,INFERRED,1,34.8954200618146,-92.44316285668728,"Belmont, NC",35.22117177784096,-81.04009100696649
2017,STATE,CA,,California,LIKELY_INTERSTATE,INFERRED,8,37.195015980975256,-119.45260752173496,"Belmont, NC",35.22117177784096,-81.04009100696649
2017,STATE,CO,,Colorado,LIKELY_INTERSTATE,INFERRED,1,38.9991768781769,-105.54646491483976,"Belmont, NC",35.22117177784096,-81.04009100696649
2017,STATE,CT,,Connecticut,LIKELY_INTERSTATE,INFERRED,5,41.62087941418429,-72.72674329652416,"Belmont, NC",35.22117177784096,-81.04009100696649
2017,STATE,DC,,District of Columbia,LIKELY_INTERSTATE,INFERRED,2,38.90471868390403,-77.01628184916417,"Belmont, NC",35.22117177784096,-81.04009100696649
2017,STATE,DE,,Delaware,LIKELY_INTERSTATE,INFERRED,1,38.98498921805609,-75.49970439017494,"Belmont, NC",35.22117177784096,-81.04009100696649
2017,STATE,FL,,Florida,LIKELY_INTERSTATE,INFERRED,4,28.62044930535815,-82.45830296594168,"Belmont, NC",35.22117177784096,-81.04009100696649
2017,STATE,GA,,Georgia,LIKELY_INTERSTATE,INFERRED,6,32.639846433271394,-83.43858043148052,"Belmont, NC",35.22117177784096,-81.04009100696649
2017,STATE,ID,,Idaho,LIKELY_INTERSTATE,INFERRED,2,44.351754235719305,-114.60703931394234,"Belmont, NC",35.22117177784096,-81.04009100696649
2017,STATE,IL,,Illinois,LIKELY_INTERSTATE,INFERRED,4,40.04261742732908,-89.19893900970987,"Belmont, NC",35.22117177784096,-81.04009100696649
2017,STATE,IN,,Indiana,LIKELY_INTERSTATE,INFERRED,1,39.89463686417238,-86.2833957949957,"Belmont, NC",35.22117177784096,-81.04009100696649
2017,STATE,KY,,Kentucky,LIKELY_INTERSTATE,INFERRED,2,37.53712733600597,-85.30346084723276,"Belmont, NC",35.22117177784096,-81.04009100696649
2017,STATE,LA,,Louisiana,LIKELY_INTERSTATE,INFERRED,2,31.05523158022833,-91.97443411850524,"Belmont, NC",35.22117177784096,-81.04009100696649
2017,STATE,MA,,Massachusetts,LIKELY_INTERSTATE,INFERRED,6,42.255816316543104,-71.7977182168355,"Belmont, NC",35.22117177784096,-81.04009100696649
2017,STATE,MD,,Maryland,LIKELY_INTERSTATE,INFERRED,3,39.03785641550878,-76.76493346709103,"Belmont, NC",35.22117177784096,-81.04009100696649
2017,STATE,ME,,Maine,LIKELY_INTERSTATE,INFERRED,1,45.36004087593969,-69.24274701104633,"Belmont, NC",35.22117177784096,-81.04009100696649
2017,STATE,MI,,Michigan,LIKELY_INTERSTATE,INFERRED,6,44.31937386941218,-85.38538790413351,"Belmont, NC",35.22117177784096,-81.04009100696649
2017,STATE,ND,,North Dakota,LIKELY_INTERSTATE,INFERRED,2,47.44949939270984,-100.46581296578026,"Belmont, NC",35.22117177784096,-81.04009100696649
2017,STATE,NE,,Nebraska,LIKELY_INTERSTATE,INFERRED,1,41.53897059661713,-99.79472310860169,"Belmont, NC",35.22117177784096,-81.04009100696649
2017,STATE,NJ,,New Jersey,LIKELY_INTERSTATE,INFERRED,5,40.17985188733225,-74.66480227556326,"Belmont, NC",35.22117177784096,-81.04009100696649
2017,STATE,NY,,New York,LIKELY_INTERSTATE,INFERRED,19,42.93889286614667,-75.51233274442579,"Belmont, NC",35.22117177784096,-81.04009100696649
2017,STATE,OH,,Ohio,LIKELY_INTERSTATE,INFERRED,12,40.287860976537495,-82.79610435848963,"Belmont, NC",35.22117177784096,-81.04009100696649
2017,STATE,OK,,Oklahoma,LIKELY_INTERSTATE,INFERRED,1,35.591307041901764,-97.49368304496312,"Belmont, NC",35.22117177784096,-81.04009100696649
2017,STATE,PA,,Pennsylvania,LIKELY_INTERSTATE,INFERRED,9,40.87930649663473,-77.8014225886494,"Belmont, NC",35.22117177784096,-81.04009100696649
2017,STATE,SC,,South Carolina,LIKELY_INTERSTATE,INFERRED,14,33.90748034803903,-80.89156682738907,"Belmont, NC",35.22117177784096,-81.04009100696649
2017,STATE,SD,,South Dakota,LIKELY_INTERSTATE,INFERRED,3,44.44455898880628,-100.22685756265784,"Belmont, NC",35.22117177784096,-81.04009100696649
2017,STATE,TN,,Tennessee,LIKELY_INTERSTATE,INFERRED,5,35.86155915153913,-86.35121521678391,"Belmont, NC",35.22117177784096,-81.04009100696649
2017,STATE,TX,,Texas,LIKELY_INTERSTATE,INFERRED,9,31.47679839840276,-99.32159658582172,"Belmont, NC",35.22117177784096,-81.04009100696649
2017,STATE,VA,,Virginia,LIKELY_INTERSTATE,INFERRED,4,37.52327730775844,-78.82595236892821,"Belmont, NC",35.22117177784096,-81.04009100696649
2017,STATE,WA,,Washington,LIKELY_INTERSTATE,INFERRED,1,47.3825012154174,-120.44797492989149,"Belmont, NC",35.22117177784096,-81.04009100696649
2017,STATE,WI,,Wisconsin,LIKELY_INTERSTATE,INFERRED,2,44.62461393686736,-89.99602543362398,"Belmont, NC",35.22117177784096,-81.04009100696649
2017,STATE,WV,,West Virginia,LIKELY_INTERSTATE,INFERRED,2,38.64199518801285,-80.6252617726051,"Belmont, NC",35.22117177784096,-81.04009100696649
2018,NC_COUNTY,NC,ALEXANDER,Alexander County,INTRASTATE,OBSERVED,1,35.921020326828554,-81.17705870469763,"Belmont, NC",35.22117177784096,-81.04009100696649
2018,NC_COUNTY,NC,AVERY,Avery County,INTRASTATE,OBSERVED,1,36.07650998979369,-81.92261590280219,"Belmont, NC",35.22117177784096,-81.04009100696649
2018,NC_COUNTY,NC,BRUNSWICK,Brunswick County,INTRASTATE,OBSERVED,2,34.071564884386376,-78.2385613310926,"Belmont, NC",35.22117177784096,-81.04009100696649
2018,NC_COUNTY,NC,BUNCOMBE,Buncombe County,INTRASTATE,OBSERVED,5,35.61119345293204,-82.53015455609533,"Belmont, NC",35.22117177784096,-81.04009100696649
2018,NC_COUNTY,NC,BURKE,Burke County,INTRASTATE,OBSERVED,1,35.74958210762996,-81.70461451500731,"Belmont, NC",35.22117177784096,-81.04009100696649
2018,NC_COUNTY,NC,CABARRUS,Cabarrus County,INTRASTATE,OBSERVED,14,35.386772835539844,-80.5518923176394,"Belmont, NC",35.22117177784096,-81.04009100696649
2018,NC_COUNTY,NC,CABARRUS,Cabarrus County,INTRASTATE_HISTORY,HISTORICAL_OBSERVED,3,35.386772835539844,-80.5518923176394,"Belmont, NC",35.22117177784096,-81.04009100696649
2018,NC_COUNTY,NC,CATAWBA,Catawba County,INTRASTATE,OBSERVED,2,35.66207984306163,-81.21509159261818,"Belmont, NC",35.22117177784096,-81.04009100696649
2018,NC_COUNTY,NC,CHOWAN,Chowan County,INTRASTATE,OBSERVED,1,36.15075988884459,-76.60785085409753,"Belmont, NC",35.22117177784096,-81.04009100696649
2018,NC_COUNTY,NC,CLEVELAND,Cleveland County,INTRASTATE,OBSERVED,18,35.33399154637611,-81.55550498010103,"Belmont, NC",35.22117177784096,-81.04009100696649
2018,NC_COUNTY,NC,CLEVELAND,Cleveland County,INTRASTATE_HISTORY,HISTORICAL_OBSERVED,1,35.33399154637611,-81.55550498010103,"Belmont, NC",35.22117177784096,-81.04009100696649
2018,NC_COUNTY,NC,COLUMBUS,Columbus County,INTRASTATE,OBSERVED,1,34.26572645475835,-78.65502824812926,"Belmont, NC",35.22117177784096,-81.04009100696649
2018,NC_COUNTY,NC,CUMBERLAND,Cumberland County,INTRASTATE,OBSERVED,3,35.04867707071828,-78.82765130297253,"Belmont, NC",35.22117177784096,-81.04009100696649
2018,NC_COUNTY,NC,DAVIDSON,Davidson County,INTRASTATE,OBSERVED,2,35.79312147781754,-80.21270323395977,"Belmont, NC",35.22117177784096,-81.04009100696649
2018,NC_COUNTY,NC,DUPLIN,Duplin County,INTRASTATE,OBSERVED,1,34.93643759050604,-77.93300505854697,"Belmont, NC",35.22117177784096,-81.04009100696649
2018,NC_COUNTY,NC,DURHAM,Durham County,INTRASTATE,OBSERVED,4,36.03590148047604,-78.87665436662104,"Belmont, NC",35.22117177784096,-81.04009100696649
2018,NC_COUNTY,NC,FORSYTH,Forsyth County,INTRASTATE,OBSERVED,9,36.130573721893136,-80.25640911600267,"Belmont, NC",35.22117177784096,-81.04009100696649
2018,NC_COUNTY,NC,GASTON,Gaston County,INTRASTATE,OBSERVED,334,35.294354650291226,-81.18025260813421,"Belmont, NC",35.22117177784096,-81.04009100696649
2018,NC_COUNTY,NC,GASTON,Gaston County,INTRASTATE_HISTORY,HISTORICAL_OBSERVED,10,35.294354650291226,-81.18025260813421,"Belmont, NC",35.22117177784096,-81.04009100696649
2018,NC_COUNTY,NC,GRANVILLE,Granville County,INTRASTATE,OBSERVED,1,36.30384312862772,-78.65278457240375,"Belmont, NC",35.22117177784096,-81.04009100696649
2018,NC_COUNTY,NC,GUILFORD,Guilford County,INTRASTATE,OBSERVED,12,36.07946084123937,-79.7889324888994,"Belmont, NC",35.22117177784096,-81.04009100696649
2018,NC_COUNTY,NC,HAYWOOD,Haywood County,INTRASTATE,OBSERVED,1,35.55592010050248,-82.98205532932124,"Belmont, NC",35.22117177784096,-81.04009100696649
2018,NC_COUNTY,NC,HENDERSON,Henderson County,INTRASTATE,OBSERVED,3,35.33628082915664,-82.48001411773696,"Belmont, NC",35.22117177784096,-81.04009100696649
2018,NC_COUNTY,NC,IREDELL,Iredell County,INTRASTATE,OBSERVED,7,35.80681999258031,-80.87350048287874,"Belmont, NC",35.22117177784096,-81.04009100696649
2018,NC_COUNTY,NC,IREDELL,Iredell County,INTRASTATE_HISTORY,HISTORICAL_OBSERVED,2,35.80681999258031,-80.87350048287874,"Belmont, NC",35.22117177784096,-81.04009100696649
2018,NC_COUNTY,NC,JACKSON,Jackson County,INTRASTATE,OBSERVED,1,35.28748188245961,-83.14074324457448,"Belmont, NC",35.22117177784096,-81.04009100696649
2018,NC_COUNTY,NC,JACKSON,Jackson County,INTRASTATE_HISTORY,HISTORICAL_OBSERVED,1,35.28748188245961,-83.14074324457448,"Belmont, NC",35.22117177784096,-81.04009100696649
2018,NC_COUNTY,NC,LINCOLN,Lincoln County,INTRASTATE,OBSERVED,6,35.485689248223174,-81.22347171058279,"Belmont, NC",35.22117177784096,-81.04009100696649
2018,NC_COUNTY,NC,LINCOLN,Lincoln County,INTRASTATE_HISTORY,HISTORICAL_OBSERVED,2,35.485689248223174,-81.22347171058279,"Belmont, NC",35.22117177784096,-81.04009100696649
2018,NC_COUNTY,NC,MECKLENBURG,Mecklenburg County,INTRASTATE,OBSERVED,266,35.24659284892326,-80.83279692633934,"Belmont, NC",35.22117177784096,-81.04009100696649
2018,NC_COUNTY,NC,MECKLENBURG,Mecklenburg County,INTRASTATE_HISTORY,HISTORICAL_OBSERVED,17,35.24659284892326,-80.83279692633934,"Belmont, NC",35.22117177784096,-81.04009100696649
2018,NC_COUNTY,NC,MOORE,Moore County,INTRASTATE,OBSERVED,1,35.310577226326764,-79.4813012812718,"Belmont, NC",35.22117177784096,-81.04009100696649
2018,NC_COUNTY,NC,NEW HANOVER,New Hanover County,INTRASTATE,OBSERVED,3,34.23279422545474,-77.88481602758729,"Belmont, NC",35.22117177784096,-81.04009100696649
2018,NC_COUNTY,NC,ONSLOW,Onslow County,INTRASTATE,OBSERVED,2,34.732162549183485,-77.4321855584936,"Belmont, NC",35.22117177784096,-81.04009100696649
2018,NC_COUNTY,NC,ORANGE,Orange County,INTRASTATE,OBSERVED,3,36.06101884485183,-79.12073315372179,"Belmont, NC",35.22117177784096,-81.04009100696649
2018,NC_COUNTY,NC,PASQUOTANK,Pasquotank County,INTRASTATE,OBSERVED,1,36.29545788045081,-76.28410563908919,"Belmont, NC",35.22117177784096,-81.04009100696649
2018,NC_COUNTY,NC,POLK,Polk County,INTRASTATE,OBSERVED,1,35.27928608152579,-82.16965226389358,"Belmont, NC",35.22117177784096,-81.04009100696649
2018,NC_COUNTY,NC,RANDOLPH,Randolph County,INTRASTATE,OBSERVED,1,35.71028605270466,-79.80605612909036,"Belmont, NC",35.22117177784096,-81.04009100696649
2018,NC_COUNTY,NC,ROBESON,Robeson County,INTRASTATE,OBSERVED,1,34.64009494809851,-79.10398344279173,"Belmont, NC",35.22117177784096,-81.04009100696649
2018,NC_COUNTY,NC,ROWAN,Rowan County,INTRASTATE,OBSERVED,1,35.63942430786188,-80.52462655561763,"Belmont, NC",35.22117177784096,-81.04009100696649
2018,NC_COUNTY,NC,RUTHERFORD,Rutherford County,INTRASTATE,OBSERVED,1,35.40255418041544,-81.9198160736472,"Belmont, NC",35.22117177784096,-81.04009100696649
2018,NC_COUNTY,NC,SCOTLAND,Scotland County,INTRASTATE,OBSERVED,1,34.84082903793072,-79.4804090831792,"Belmont, NC",35.22117177784096,-81.04009100696649
2018,NC_COUNTY,NC,STANLY,Stanly County,INTRASTATE,OBSERVED,2,35.31185948181319,-80.25106604580184,"Belmont, NC",35.22117177784096,-81.04009100696649
2018,NC_COUNTY,NC,STANLY,Stanly County,INTRASTATE_HISTORY,HISTORICAL_OBSERVED,1,35.31185948181319,-80.25106604580184,"Belmont, NC",35.22117177784096,-81.04009100696649
2018,NC_COUNTY,NC,UNION,Union County,INTRASTATE,OBSERVED,5,34.98838839323316,-80.53082116524683,"Belmont, NC",35.22117177784096,-81.04009100696649
2018,NC_COUNTY,NC,UNION,Union County,INTRASTATE_HISTORY,HISTORICAL_OBSERVED,1,34.98838839323316,-80.53082116524683,"Belmont, NC",35.22117177784096,-81.04009100696649
2018,NC_COUNTY,NC,WAKE,Wake County,INTRASTATE,OBSERVED,9,35.790281477623374,-78.65053399734842,"Belmont, NC",35.22117177784096,-81.04009100696649
2018,NC_COUNTY,NC,WAKE,Wake County,INTRASTATE_HISTORY,HISTORICAL_OBSERVED,2,35.790281477623374,-78.65053399734842,"Belmont, NC",35.22117177784096,-81.04009100696649
2018,NC_COUNTY,NC,WATAUGA,Watauga County,INTRASTATE,OBSERVED,4,36.23110745983036,-81.69639836242078,"Belmont, NC",35.22117177784096,-81.04009100696649
2018,NC_COUNTY,NC,YADKIN,Yadkin County,INTRASTATE,OBSERVED,1,36.16055174938937,-80.66525972797155,"Belmont, NC",35.22117177784096,-81.04009100696649
2018,STATE,AK,,Alaska,LIKELY_INTERSTATE,INFERRED,1,63.93032170114928,-152.21349353042285,"Belmont, NC",35.22117177784096,-81.04009100696649
2018,STATE,AL,,Alabama,LIKELY_INTERSTATE,INFERRED,5,32.77865398432238,-86.83208592589429,"Belmont, NC",35.22117177784096,-81.04009100696649
2018,STATE,AR,,Arkansas,LIKELY_INTERSTATE,INFERRED,3,34.8954200618146,-92.44316285668728,"Belmont, NC",35.22117177784096,-81.04009100696649
2018,STATE,AZ,,Arizona,LIKELY_INTERSTATE,INFERRED,1,34.277771410015134,-111.6566662412393,"Belmont, NC",35.22117177784096,-81.04009100696649
2018,STATE,CA,,California,LIKELY_INTERSTATE,INFERRED,10,37.195015980975256,-119.45260752173496,"Belmont, NC",35.22117177784096,-81.04009100696649
2018,STATE,CO,,Colorado,LIKELY_INTERSTATE,INFERRED,1,38.9991768781769,-105.54646491483976,"Belmont, NC",35.22117177784096,-81.04009100696649
2018,STATE,CT,,Connecticut,LIKELY_INTERSTATE,INFERRED,2,41.62087941418429,-72.72674329652416,"Belmont, NC",35.22117177784096,-81.04009100696649
2018,STATE,DC,,District of Columbia,LIKELY_INTERSTATE,INFERRED,1,38.90471868390403,-77.01628184916417,"Belmont, NC",35.22117177784096,-81.04009100696649
2018,STATE,DE,,Delaware,LIKELY_INTERSTATE,INFERRED,1,38.98498921805609,-75.49970439017494,"Belmont, NC",35.22117177784096,-81.04009100696649
2018,STATE,FL,,Florida,LIKELY_INTERSTATE,INFERRED,13,28.62044930535815,-82.45830296594168,"Belmont, NC",35.22117177784096,-81.04009100696649
2018,STATE,GA,,Georgia,LIKELY_INTERSTATE,INFERRED,8,32.639846433271394,-83.43858043148052,"Belmont, NC",35.22117177784096,-81.04009100696649
2018,STATE,IA,,Iowa,LIKELY_INTERSTATE,INFERRED,4,42.07570717215674,-93.49667517230012,"Belmont, NC",35.22117177784096,-81.04009100696649
2018,STATE,IL,,Illinois,LIKELY_INTERSTATE,INFERRED,11,40.04261742732908,-89.19893900970987,"Belmont, NC",35.22117177784096,-81.04009100696649
2018,STATE,IN,,Indiana,LIKELY_INTERSTATE,INFERRED,3,39.89463686417238,-86.2833957949957,"Belmont, NC",35.22117177784096,-81.04009100696649
2018,STATE,KS,,Kansas,LIKELY_INTERSTATE,INFERRED,1,38.49574371430764,-98.37884819171762,"Belmont, NC",35.22117177784096,-81.04009100696649
2018,STATE,KY,,Kentucky,LIKELY_INTERSTATE,INFERRED,5,37.53712733600597,-85.30346084723276,"Belmont, NC",35.22117177784096,-81.04009100696649
2018,STATE,LA,,Louisiana,LIKELY_INTERSTATE,INFERRED,4,31.05523158022833,-91.97443411850524,"Belmont, NC",35.22117177784096,-81.04009100696649
2018,STATE,MA,,Massachusetts,LIKELY_INTERSTATE,INFERRED,4,42.255816316543104,-71.7977182168355,"Belmont, NC",35.22117177784096,-81.04009100696649
2018,STATE,MD,,Maryland,LIKELY_INTERSTATE,INFERRED,4,39.03785641550878,-76.76493346709103,"Belmont, NC",35.22117177784096,-81.04009100696649
2018,STATE,ME,,Maine,LIKELY_INTERSTATE,INFERRED,2,45.36004087593969,-69.24274701104633,"Belmont, NC",35.22117177784096,-81.04009100696649
2018,STATE,MI,,Michigan,LIKELY_INTERSTATE,INFERRED,8,44.31937386941218,-85.38538790413351,"Belmont, NC",35.22117177784096,-81.04009100696649
2018,STATE,MN,,Minnesota,LIKELY_INTERSTATE,INFERRED,1,46.28041649056275,-94.30718404737094,"Belmont, NC",35.22117177784096,-81.04009100696649
2018,STATE,MO,,Missouri,LIKELY_INTERSTATE,INFERRED,1,38.35768861327401,-92.45901758277384,"Belmont, NC",35.22117177784096,-81.04009100696649
2018,STATE,MT,,Montana,LIKELY_INTERSTATE,INFERRED,1,47.05134978839722,-109.62964658129494,"Belmont, NC",35.22117177784096,-81.04009100696649
2018,STATE,ND,,North Dakota,LIKELY_INTERSTATE,INFERRED,1,47.44949939270984,-100.46581296578026,"Belmont, NC",35.22117177784096,-81.04009100696649
2018,STATE,NH,,New Hampshire,LIKELY_INTERSTATE,INFERRED,3,43.67943432730117,-71.58188993134762,"Belmont, NC",35.22117177784096,-81.04009100696649
2018,STATE,NJ,,New Jersey,LIKELY_INTERSTATE,INFERRED,5,40.17985188733225,-74.66480227556326,"Belmont, NC",35.22117177784096,-81.04009100696649
2018,STATE,NY,,New York,LIKELY_INTERSTATE,INFERRED,18,42.93889286614667,-75.51233274442579,"Belmont, NC",35.22117177784096,-81.04009100696649
2018,STATE,OH,,Ohio,LIKELY_INTERSTATE,INFERRED,19,40.287860976537495,-82.79610435848963,"Belmont, NC",35.22117177784096,-81.04009100696649
2018,STATE,OK,,Oklahoma,LIKELY_INTERSTATE,INFERRED,3,35.591307041901764,-97.49368304496312,"Belmont, NC",35.22117177784096,-81.04009100696649
2018,STATE,PA,,Pennsylvania,LIKELY_INTERSTATE,INFERRED,10,40.87930649663473,-77.8014225886494,"Belmont, NC",35.22117177784096,-81.04009100696649
2018,STATE,SC,,South Carolina,LIKELY_INTERSTATE,INFERRED,10,33.90748034803903,-80.89156682738907,"Belmont, NC",35.22117177784096,-81.04009100696649
2018,STATE,TN,,Tennessee,LIKELY_INTERSTATE,INFERRED,5,35.86155915153913,-86.35121521678391,"Belmont, NC",35.22117177784096,-81.04009100696649
2018,STATE,TX,,Texas,LIKELY_INTERSTATE,INFERRED,5,31.47679839840276,-99.32159658582172,"Belmont, NC",35.22117177784096,-81.04009100696649
2018,STATE,UT,,Utah,LIKELY_INTERSTATE,INFERRED,2,39.30705711463798,-111.66729766531152,"Belmont, NC",35.22117177784096,-81.04009100696649
2018,STATE,VA,,Virginia,LIKELY_INTERSTATE,INFERRED,19,37.52327730775844,-78.82595236892821,"Belmont, NC",35.22117177784096,-81.04009100696649
2018,STATE,WA,,Washington,LIKELY_INTERSTATE,INFERRED,5,47.3825012154174,-120.44797492989149,"Belmont, NC",35.22117177784096,-81.04009100696649
2018,STATE,WI,,Wisconsin,LIKELY_INTERSTATE,INFERRED,3,44.62461393686736,-89.99602543362398,"Belmont, NC",35.22117177784096,-81.04009100696649
2018,STATE,WV,,West Virginia,LIKELY_INTERSTATE,INFERRED,2,38.64199518801285,-80.6252617726051,"Belmont, NC",35.22117177784096,-81.04009100696649
2019,NC_COUNTY,NC,ALAMANCE,Alamance County,INTRASTATE,OBSERVED,1,36.04356978350832,-79.3994957896289,"Belmont, NC",35.22117177784096,-81.04009100696649
2019,NC_COUNTY,NC,ALAMANCE,Alamance County,INTRASTATE_HISTORY,HISTORICAL_OBSERVED,1,36.04356978350832,-79.3994957896289,"Belmont, NC",35.22117177784096,-81.04009100696649
2019,NC_COUNTY,NC,ANSON,Anson County,INTRASTATE,OBSERVED,1,34.973774401469264,-80.10268261531041,"Belmont, NC",35.22117177784096,-81.04009100696649
2019,NC_COUNTY,NC,ASHE,Ashe County,INTRASTATE,OBSERVED,1,36.43404508624506,-81.50032822936811,"Belmont, NC",35.22117177784096,-81.04009100696649
2019,NC_COUNTY,NC,BRUNSWICK,Brunswick County,INTRASTATE,OBSERVED,1,34.071564884386376,-78.2385613310926,"Belmont, NC",35.22117177784096,-81.04009100696649
2019,NC_COUNTY,NC,BUNCOMBE,Buncombe County,INTRASTATE,OBSERVED,2,35.61119345293204,-82.53015455609533,"Belmont, NC",35.22117177784096,-81.04009100696649
2019,NC_COUNTY,NC,CABARRUS,Cabarrus County,INTRASTATE,OBSERVED,16,35.386772835539844,-80.5518923176394,"Belmont, NC",35.22117177784096,-81.04009100696649
2019,NC_COUNTY,NC,CATAWBA,Catawba County,INTRASTATE,OBSERVED,3,35.66207984306163,-81.21509159261818,"Belmont, NC",35.22117177784096,-81.04009100696649
2019,NC_COUNTY,NC,CLEVELAND,Cleveland County,INTRASTATE,OBSERVED,3,35.33399154637611,-81.55550498010103,"Belmont, NC",35.22117177784096,-81.04009100696649
2019,NC_COUNTY,NC,CRAVEN,Craven County,INTRASTATE_HISTORY,HISTORICAL_OBSERVED,1,35.12467137990156,-77.09350226847458,"Belmont, NC",35.22117177784096,-81.04009100696649
2019,NC_COUNTY,NC,CUMBERLAND,Cumberland County,INTRASTATE,OBSERVED,5,35.04867707071828,-78.82765130297253,"Belmont, NC",35.22117177784096,-81.04009100696649
2019,NC_COUNTY,NC,DAVIDSON,Davidson County,INTRASTATE,OBSERVED,1,35.79312147781754,-80.21270323395977,"Belmont, NC",35.22117177784096,-81.04009100696649
2019,NC_COUNTY,NC,DAVIE,Davie County,INTRASTATE,OBSERVED,2,35.92907150083486,-80.54448516047837,"Belmont, NC",35.22117177784096,-81.04009100696649
2019,NC_COUNTY,NC,DURHAM,Durham County,INTRASTATE,OBSERVED,8,36.03590148047604,-78.87665436662104,"Belmont, NC",35.22117177784096,-81.04009100696649
2019,NC_COUNTY,NC,FORSYTH,Forsyth County,INTRASTATE,OBSERVED,5,36.130573721893136,-80.25640911600267,"Belmont, NC",35.22117177784096,-81.04009100696649
2019,NC_COUNTY,NC,GASTON,Gaston County,INTRASTATE,OBSERVED,259,35.294354650291226,-81.18025260813421,"Belmont, NC",35.22117177784096,-81.04009100696649
2019,NC_COUNTY,NC,GRANVILLE,Granville County,INTRASTATE,OBSERVED,1,36.30384312862772,-78.65278457240375,"Belmont, NC",35.22117177784096,-81.04009100696649
2019,NC_COUNTY,NC,GUILFORD,Guilford County,INTRASTATE,OBSERVED,8,36.07946084123937,-79.7889324888994,"Belmont, NC",35.22117177784096,-81.04009100696649
2019,NC_COUNTY,NC,HARNETT,Harnett County,INTRASTATE,OBSERVED,2,35.36893067520418,-78.8694396846121,"Belmont, NC",35.22117177784096,-81.04009100696649
2019,NC_COUNTY,NC,HAYWOOD,Haywood County,INTRASTATE,OBSERVED,1,35.55592010050248,-82.98205532932124,"Belmont, NC",35.22117177784096,-81.04009100696649
2019,NC_COUNTY,NC,HENDERSON,Henderson County,INTRASTATE,OBSERVED,3,35.33628082915664,-82.48001411773696,"Belmont, NC",35.22117177784096,-81.04009100696649
2019,NC_COUNTY,NC,HERTFORD,Hertford County,INTRASTATE,OBSERVED,1,36.359049194775686,-76.98196505339874,"Belmont, NC",35.22117177784096,-81.04009100696649
2019,NC_COUNTY,NC,IREDELL,Iredell County,INTRASTATE,OBSERVED,4,35.80681999258031,-80.87350048287874,"Belmont, NC",35.22117177784096,-81.04009100696649
2019,NC_COUNTY,NC,JOHNSTON,Johnston County,INTRASTATE,OBSERVED,5,35.51774182450904,-78.36583517790054,"Belmont, NC",35.22117177784096,-81.04009100696649
2019,NC_COUNTY,NC,LINCOLN,Lincoln County,INTRASTATE,OBSERVED,10,35.485689248223174,-81.22347171058279,"Belmont, NC",35.22117177784096,-81.04009100696649
2019,NC_COUNTY,NC,MADISON,Madison County,INTRASTATE,OBSERVED,2,35.85801631813364,-82.7058704633986,"Belmont, NC",35.22117177784096,-81.04009100696649
2019,NC_COUNTY,NC,MECKLENBURG,Mecklenburg County,INTRASTATE,OBSERVED,237,35.24659284892326,-80.83279692633934,"Belmont, NC",35.22117177784096,-81.04009100696649
2019,NC_COUNTY,NC,MECKLENBURG,Mecklenburg County,INTRASTATE_HISTORY,HISTORICAL_OBSERVED,2,35.24659284892326,-80.83279692633934,"Belmont, NC",35.22117177784096,-81.04009100696649
2019,NC_COUNTY,NC,NEW HANOVER,New Hanover County,INTRASTATE,OBSERVED,2,34.23279422545474,-77.88481602758729,"Belmont, NC",35.22117177784096,-81.04009100696649
2019,NC_COUNTY,NC,NEW HANOVER,New Hanover County,INTRASTATE_HISTORY,HISTORICAL_OBSERVED,1,34.23279422545474,-77.88481602758729,"Belmont, NC",35.22117177784096,-81.04009100696649
2019,NC_COUNTY,NC,ONSLOW,Onslow County,INTRASTATE,OBSERVED,2,34.732162549183485,-77.4321855584936,"Belmont, NC",35.22117177784096,-81.04009100696649
2019,NC_COUNTY,NC,ORANGE,Orange County,INTRASTATE,OBSERVED,3,36.06101884485183,-79.12073315372179,"Belmont, NC",35.22117177784096,-81.04009100696649
2019,NC_COUNTY,NC,PENDER,Pender County,INTRASTATE,OBSERVED,2,34.52489257089181,-77.90520676640227,"Belmont, NC",35.22117177784096,-81.04009100696649
2019,NC_COUNTY,NC,PITT,Pitt County,INTRASTATE,OBSERVED,1,35.593207072532294,-77.37446702606579,"Belmont, NC",35.22117177784096,-81.04009100696649
2019,NC_COUNTY,NC,ROWAN,Rowan County,INTRASTATE,OBSERVED,1,35.63942430786188,-80.52462655561763,"Belmont, NC",35.22117177784096,-81.04009100696649
2019,NC_COUNTY,NC,RUTHERFORD,Rutherford County,INTRASTATE,OBSERVED,7,35.40255418041544,-81.9198160736472,"Belmont, NC",35.22117177784096,-81.04009100696649
2019,NC_COUNTY,NC,STANLY,Stanly County,INTRASTATE,OBSERVED,2,35.31185948181319,-80.25106604580184,"Belmont, NC",35.22117177784096,-81.04009100696649
2019,NC_COUNTY,NC,UNION,Union County,INTRASTATE,OBSERVED,14,34.98838839323316,-80.53082116524683,"Belmont, NC",35.22117177784096,-81.04009100696649
2019,NC_COUNTY,NC,WAKE,Wake County,INTRASTATE,OBSERVED,9,35.790281477623374,-78.65053399734842,"Belmont, NC",35.22117177784096,-81.04009100696649
2019,NC_COUNTY,NC,WAKE,Wake County,INTRASTATE_HISTORY,HISTORICAL_OBSERVED,1,35.790281477623374,-78.65053399734842,"Belmont, NC",35.22117177784096,-81.04009100696649
2019,NC_COUNTY,NC,WATAUGA,Watauga County,INTRASTATE,OBSERVED,2,36.23110745983036,-81.69639836242078,"Belmont, NC",35.22117177784096,-81.04009100696649
2019,NC_COUNTY,NC,YANCEY,Yancey County,INTRASTATE,OBSERVED,1,35.89888170642089,-82.30755675032333,"Belmont, NC",35.22117177784096,-81.04009100696649
2019,STATE,AK,,Alaska,LIKELY_INTERSTATE,INFERRED,1,63.93032170114928,-152.21349353042285,"Belmont, NC",35.22117177784096,-81.04009100696649
2019,STATE,AL,,Alabama,LIKELY_INTERSTATE,INFERRED,2,32.77865398432238,-86.83208592589429,"Belmont, NC",35.22117177784096,-81.04009100696649
2019,STATE,AR,,Arkansas,LIKELY_INTERSTATE,INFERRED,1,34.8954200618146,-92.44316285668728,"Belmont, NC",35.22117177784096,-81.04009100696649
2019,STATE,AZ,,Arizona,LIKELY_INTERSTATE,INFERRED,2,34.277771410015134,-111.6566662412393,"Belmont, NC",35.22117177784096,-81.04009100696649
2019,STATE,CA,,California,LIKELY_INTERSTATE,INFERRED,19,37.195015980975256,-119.45260752173496,"Belmont, NC",35.22117177784096,-81.04009100696649
2019,STATE,CO,,Colorado,LIKELY_INTERSTATE,INFERRED,3,38.9991768781769,-105.54646491483976,"Belmont, NC",35.22117177784096,-81.04009100696649
2019,STATE,CT,,Connecticut,LIKELY_INTERSTATE,INFERRED,6,41.62087941418429,-72.72674329652416,"Belmont, NC",35.22117177784096,-81.04009100696649
2019,STATE,FL,,Florida,LIKELY_INTERSTATE,INFERRED,5,28.62044930535815,-82.45830296594168,"Belmont, NC",35.22117177784096,-81.04009100696649
2019,STATE,GA,,Georgia,LIKELY_INTERSTATE,INFERRED,9,32.639846433271394,-83.43858043148052,"Belmont, NC",35.22117177784096,-81.04009100696649
2019,STATE,IA,,Iowa,LIKELY_INTERSTATE,INFERRED,9,42.07570717215674,-93.49667517230012,"Belmont, NC",35.22117177784096,-81.04009100696649
2019,STATE,IL,,Illinois,LIKELY_INTERSTATE,INFERRED,7,40.04261742732908,-89.19893900970987,"Belmont, NC",35.22117177784096,-81.04009100696649
2019,STATE,IN,,Indiana,LIKELY_INTERSTATE,INFERRED,5,39.89463686417238,-86.2833957949957,"Belmont, NC",35.22117177784096,-81.04009100696649
2019,STATE,KS,,Kansas,LIKELY_INTERSTATE,INFERRED,2,38.49574371430764,-98.37884819171762,"Belmont, NC",35.22117177784096,-81.04009100696649
2019,STATE,KY,,Kentucky,LIKELY_INTERSTATE,INFERRED,2,37.53712733600597,-85.30346084723276,"Belmont, NC",35.22117177784096,-81.04009100696649
2019,STATE,MA,,Massachusetts,LIKELY_INTERSTATE,INFERRED,3,42.255816316543104,-71.7977182168355,"Belmont, NC",35.22117177784096,-81.04009100696649
2019,STATE,MD,,Maryland,LIKELY_INTERSTATE,INFERRED,3,39.03785641550878,-76.76493346709103,"Belmont, NC",35.22117177784096,-81.04009100696649
2019,STATE,ME,,Maine,LIKELY_INTERSTATE,INFERRED,2,45.36004087593969,-69.24274701104633,"Belmont, NC",35.22117177784096,-81.04009100696649
2019,STATE,MI,,Michigan,LIKELY_INTERSTATE,INFERRED,7,44.31937386941218,-85.38538790413351,"Belmont, NC",35.22117177784096,-81.04009100696649
2019,STATE,MN,,Minnesota,LIKELY_INTERSTATE,INFERRED,2,46.28041649056275,-94.30718404737094,"Belmont, NC",35.22117177784096,-81.04009100696649
2019,STATE,MO,,Missouri,LIKELY_INTERSTATE,INFERRED,2,38.35768861327401,-92.45901758277384,"Belmont, NC",35.22117177784096,-81.04009100696649
2019,STATE,MS,,Mississippi,LIKELY_INTERSTATE,INFERRED,4,32.73733149907692,-89.66953793664956,"Belmont, NC",35.22117177784096,-81.04009100696649
2019,STATE,MT,,Montana,LIKELY_INTERSTATE,INFERRED,1,47.05134978839722,-109.62964658129494,"Belmont, NC",35.22117177784096,-81.04009100696649
2019,STATE,ND,,North Dakota,LIKELY_INTERSTATE,INFERRED,3,47.44949939270984,-100.46581296578026,"Belmont, NC",35.22117177784096,-81.04009100696649
2019,STATE,NJ,,New Jersey,LIKELY_INTERSTATE,INFERRED,13,40.17985188733225,-74.66480227556326,"Belmont, NC",35.22117177784096,-81.04009100696649
2019,STATE,NY,,New York,LIKELY_INTERSTATE,INFERRED,25,42.93889286614667,-75.51233274442579,"Belmont, NC",35.22117177784096,-81.04009100696649
2019,STATE,OH,,Ohio,LIKELY_INTERSTATE,INFERRED,20,40.287860976537495,-82.79610435848963,"Belmont, NC",35.22117177784096,-81.04009100696649
2019,STATE,OK,,Oklahoma,LIKELY_INTERSTATE,INFERRED,2,35.591307041901764,-97.49368304496312,"Belmont, NC",35.22117177784096,-81.04009100696649
2019,STATE,OR,,Oregon,LIKELY_INTERSTATE,INFERRED,3,43.935546346319605,-120.55672578928844,"Belmont, NC",35.22117177784096,-81.04009100696649
2019,STATE,PA,,Pennsylvania,LIKELY_INTERSTATE,INFERRED,21,40.87930649663473,-77.8014225886494,"Belmont, NC",35.22117177784096,-81.04009100696649
2019,STATE,RI,,Rhode Island,LIKELY_INTERSTATE,INFERRED,1,41.67579802500551,-71.5539808817285,"Belmont, NC",35.22117177784096,-81.04009100696649
2019,STATE,SC,,South Carolina,LIKELY_INTERSTATE,INFERRED,12,33.90748034803903,-80.89156682738907,"Belmont, NC",35.22117177784096,-81.04009100696649
2019,STATE,SD,,South Dakota,LIKELY_INTERSTATE,INFERRED,1,44.44455898880628,-100.22685756265784,"Belmont, NC",35.22117177784096,-81.04009100696649
2019,STATE,TN,,Tennessee,LIKELY_INTERSTATE,INFERRED,4,35.86155915153913,-86.35121521678391,"Belmont, NC",35.22117177784096,-81.04009100696649
2019,STATE,TX,,Texas,LIKELY_INTERSTATE,INFERRED,4,31.47679839840276,-99.32159658582172,"Belmont, NC",35.22117177784096,-81.04009100696649
2019,STATE,UT,,Utah,LIKELY_INTERSTATE,INFERRED,2,39.30705711463798,-111.66729766531152,"Belmont, NC",35.22117177784096,-81.04009100696649
2019,STATE,VA,,Virginia,LIKELY_INTERSTATE,INFERRED,11,37.52327730775844,-78.82595236892821,"Belmont, NC",35.22117177784096,-81.04009100696649
2019,STATE,VT,,Vermont,LIKELY_INTERSTATE,INFERRED,1,44.06944684166543,-72.66743626999609,"Belmont, NC",35.22117177784096,-81.04009100696649
2019,STATE,WA,,Washington,LIKELY_INTERSTATE,INFERRED,2,47.3825012154174,-120.44797492989149,"Belmont, NC",35.22117177784096,-81.04009100696649
2019,STATE,WI,,Wisconsin,LIKELY_INTERSTATE,INFERRED,3,44.62461393686736,-89.99602543362398,"Belmont, NC",35.22117177784096,-81.04009100696649
2020,NC_COUNTY,NC,ALAMANCE,Alamance County,INTRASTATE,OBSERVED,2,36.04356978350832,-79.3994957896289,"Belmont, NC",35.22117177784096,-81.04009100696649
2020,NC_COUNTY,NC,BRUNSWICK,Brunswick County,INTRASTATE,OBSERVED,4,34.071564884386376,-78.2385613310926,"Belmont, NC",35.22117177784096,-81.04009100696649
2020,NC_COUNTY,NC,BUNCOMBE,Buncombe County,INTRASTATE,OBSERVED,5,35.61119345293204,-82.53015455609533,"Belmont, NC",35.22117177784096,-81.04009100696649
2020,NC_COUNTY,NC,BURKE,Burke County,INTRASTATE,OBSERVED,3,35.74958210762996,-81.70461451500731,"Belmont, NC",35.22117177784096,-81.04009100696649
2020,NC_COUNTY,NC,CABARRUS,Cabarrus County,INTRASTATE,OBSERVED,26,35.386772835539844,-80.5518923176394,"Belmont, NC",35.22117177784096,-81.04009100696649
2020,NC_COUNTY,NC,CABARRUS,Cabarrus County,INTRASTATE_HISTORY,HISTORICAL_OBSERVED,1,35.386772835539844,-80.5518923176394,"Belmont, NC",35.22117177784096,-81.04009100696649
2020,NC_COUNTY,NC,CARTERET,Carteret County,INTRASTATE,OBSERVED,2,34.83591901279082,-76.65930789446148,"Belmont, NC",35.22117177784096,-81.04009100696649
2020,NC_COUNTY,NC,CATAWBA,Catawba County,INTRASTATE,OBSERVED,10,35.66207984306163,-81.21509159261818,"Belmont, NC",35.22117177784096,-81.04009100696649
2020,NC_COUNTY,NC,CLEVELAND,Cleveland County,INTRASTATE,OBSERVED,7,35.33399154637611,-81.55550498010103,"Belmont, NC",35.22117177784096,-81.04009100696649
2020,NC_COUNTY,NC,CLEVELAND,Cleveland County,INTRASTATE_HISTORY,HISTORICAL_OBSERVED,1,35.33399154637611,-81.55550498010103,"Belmont, NC",35.22117177784096,-81.04009100696649
2020,NC_COUNTY,NC,CRAVEN,Craven County,INTRASTATE,OBSERVED,1,35.12467137990156,-77.09350226847458,"Belmont, NC",35.22117177784096,-81.04009100696649
2020,NC_COUNTY,NC,CUMBERLAND,Cumberland County,INTRASTATE,OBSERVED,2,35.04867707071828,-78.82765130297253,"Belmont, NC",35.22117177784096,-81.04009100696649
2020,NC_COUNTY,NC,CUMBERLAND,Cumberland County,INTRASTATE_HISTORY,HISTORICAL_OBSERVED,1,35.04867707071828,-78.82765130297253,"Belmont, NC",35.22117177784096,-81.04009100696649
2020,NC_COUNTY,NC,DAVIDSON,Davidson County,INTRASTATE,OBSERVED,4,35.79312147781754,-80.21270323395977,"Belmont, NC",35.22117177784096,-81.04009100696649
2020,NC_COUNTY,NC,DUPLIN,Duplin County,INTRASTATE,OBSERVED,1,34.93643759050604,-77.93300505854697,"Belmont, NC",35.22117177784096,-81.04009100696649
2020,NC_COUNTY,NC,DURHAM,Durham County,INTRASTATE,OBSERVED,5,36.03590148047604,-78.87665436662104,"Belmont, NC",35.22117177784096,-81.04009100696649
2020,NC_COUNTY,NC,FORSYTH,Forsyth County,INTRASTATE,OBSERVED,3,36.130573721893136,-80.25640911600267,"Belmont, NC",35.22117177784096,-81.04009100696649
2020,NC_COUNTY,NC,GASTON,Gaston County,INTRASTATE,OBSERVED,482,35.294354650291226,-81.18025260813421,"Belmont, NC",35.22117177784096,-81.04009100696649
2020,NC_COUNTY,NC,GASTON,Gaston County,INTRASTATE_HISTORY,HISTORICAL_OBSERVED,71,35.294354650291226,-81.18025260813421,"Belmont, NC",35.22117177784096,-81.04009100696649
2020,NC_COUNTY,NC,GRANVILLE,Granville County,INTRASTATE,OBSERVED,2,36.30384312862772,-78.65278457240375,"Belmont, NC",35.22117177784096,-81.04009100696649
2020,NC_COUNTY,NC,GUILFORD,Guilford County,INTRASTATE,OBSERVED,17,36.07946084123937,-79.7889324888994,"Belmont, NC",35.22117177784096,-81.04009100696649
2020,NC_COUNTY,NC,GUILFORD,Guilford County,INTRASTATE_HISTORY,HISTORICAL_OBSERVED,4,36.07946084123937,-79.7889324888994,"Belmont, NC",35.22117177784096,-81.04009100696649
2020,NC_COUNTY,NC,HARNETT,Harnett County,INTRASTATE,OBSERVED,2,35.36893067520418,-78.8694396846121,"Belmont, NC",35.22117177784096,-81.04009100696649
2020,NC_COUNTY,NC,HARNETT,Harnett County,INTRASTATE_HISTORY,HISTORICAL_OBSERVED,1,35.36893067520418,-78.8694396846121,"Belmont, NC",35.22117177784096,-81.04009100696649
2020,NC_COUNTY,NC,HAYWOOD,Haywood County,INTRASTATE,OBSERVED,3,35.55592010050248,-82.98205532932124,"Belmont, NC",35.22117177784096,-81.04009100696649
2020,NC_COUNTY,NC,HOKE,Hoke County,INTRASTATE,OBSERVED,2,35.01748255316364,-79.23727790503699,"Belmont, NC",35.22117177784096,-81.04009100696649
2020,NC_COUNTY,NC,IREDELL,Iredell County,INTRASTATE,OBSERVED,14,35.80681999258031,-80.87350048287874,"Belmont, NC",35.22117177784096,-81.04009100696649
2020,NC_COUNTY,NC,IREDELL,Iredell County,INTRASTATE_HISTORY,HISTORICAL_OBSERVED,1,35.80681999258031,-80.87350048287874,"Belmont, NC",35.22117177784096,-81.04009100696649
2020,NC_COUNTY,NC,JACKSON,Jackson County,INTRASTATE,OBSERVED,3,35.28748188245961,-83.14074324457448,"Belmont, NC",35.22117177784096,-81.04009100696649
2020,NC_COUNTY,NC,LINCOLN,Lincoln County,INTRASTATE,OBSERVED,22,35.485689248223174,-81.22347171058279,"Belmont, NC",35.22117177784096,-81.04009100696649
2020,NC_COUNTY,NC,LINCOLN,Lincoln County,INTRASTATE_HISTORY,HISTORICAL_OBSERVED,2,35.485689248223174,-81.22347171058279,"Belmont, NC",35.22117177784096,-81.04009100696649
2020,NC_COUNTY,NC,MADISON,Madison County,INTRASTATE,OBSERVED,1,35.85801631813364,-82.7058704633986,"Belmont, NC",35.22117177784096,-81.04009100696649
2020,NC_COUNTY,NC,MECKLENBURG,Mecklenburg County,INTRASTATE,OBSERVED,429,35.24659284892326,-80.83279692633934,"Belmont, NC",35.22117177784096,-81.04009100696649
2020,NC_COUNTY,NC,MECKLENBURG,Mecklenburg County,INTRASTATE_HISTORY,HISTORICAL_OBSERVED,26,35.24659284892326,-80.83279692633934,"Belmont, NC",35.22117177784096,-81.04009100696649
2020,NC_COUNTY,NC,MOORE,Moore County,INTRASTATE,OBSERVED,4,35.310577226326764,-79.4813012812718,"Belmont, NC",35.22117177784096,-81.04009100696649
2020,NC_COUNTY,NC,NASH,Nash County,INTRASTATE,OBSERVED,1,35.96719753076504,-77.98666431782628,"Belmont, NC",35.22117177784096,-81.04009100696649
2020,NC_COUNTY,NC,NEW HANOVER,New Hanover County,INTRASTATE,OBSERVED,5,34.23279422545474,-77.88481602758729,"Belmont, NC",35.22117177784096,-81.04009100696649
2020,NC_COUNTY,NC,NEW HANOVER,New Hanover County,INTRASTATE_HISTORY,HISTORICAL_OBSERVED,1,34.23279422545474,-77.88481602758729,"Belmont, NC",35.22117177784096,-81.04009100696649
2020,NC_COUNTY,NC,ONSLOW,Onslow County,INTRASTATE,OBSERVED,1,34.732162549183485,-77.4321855584936,"Belmont, NC",35.22117177784096,-81.04009100696649
2020,NC_COUNTY,NC,ORANGE,Orange County,INTRASTATE,OBSERVED,8,36.06101884485183,-79.12073315372179,"Belmont, NC",35.22117177784096,-81.04009100696649
2020,NC_COUNTY,NC,ORANGE,Orange County,INTRASTATE_HISTORY,HISTORICAL_OBSERVED,1,36.06101884485183,-79.12073315372179,"Belmont, NC",35.22117177784096,-81.04009100696649
2020,NC_COUNTY,NC,PENDER,Pender County,INTRASTATE,OBSERVED,2,34.52489257089181,-77.90520676640227,"Belmont, NC",35.22117177784096,-81.04009100696649
2020,NC_COUNTY,NC,PITT,Pitt County,INTRASTATE,OBSERVED,11,35.593207072532294,-77.37446702606579,"Belmont, NC",35.22117177784096,-81.04009100696649
2020,NC_COUNTY,NC,RANDOLPH,Randolph County,INTRASTATE,OBSERVED,1,35.71028605270466,-79.80605612909036,"Belmont, NC",35.22117177784096,-81.04009100696649
2020,NC_COUNTY,NC,RICHMOND,Richmond County,INTRASTATE,OBSERVED,1,35.00587494388242,-79.74783871362447,"Belmont, NC",35.22117177784096,-81.04009100696649
2020,NC_COUNTY,NC,ROBESON,Robeson County,INTRASTATE,OBSERVED,1,34.64009494809851,-79.10398344279173,"Belmont, NC",35.22117177784096,-81.04009100696649
2020,NC_COUNTY,NC,ROWAN,Rowan County,INTRASTATE,OBSERVED,3,35.63942430786188,-80.52462655561763,"Belmont, NC",35.22117177784096,-81.04009100696649
2020,NC_COUNTY,NC,RUTHERFORD,Rutherford County,INTRASTATE,OBSERVED,4,35.40255418041544,-81.9198160736472,"Belmont, NC",35.22117177784096,-81.04009100696649
2020,NC_COUNTY,NC,SCOTLAND,Scotland County,INTRASTATE,OBSERVED,1,34.84082903793072,-79.4804090831792,"Belmont, NC",35.22117177784096,-81.04009100696649
2020,NC_COUNTY,NC,SURRY,Surry County,INTRASTATE,OBSERVED,1,36.41460748816858,-80.6879835277666,"Belmont, NC",35.22117177784096,-81.04009100696649
2020,NC_COUNTY,NC,SURRY,Surry County,INTRASTATE_HISTORY,HISTORICAL_OBSERVED,1,36.41460748816858,-80.6879835277666,"Belmont, NC",35.22117177784096,-81.04009100696649
2020,NC_COUNTY,NC,UNION,Union County,INTRASTATE,OBSERVED,32,34.98838839323316,-80.53082116524683,"Belmont, NC",35.22117177784096,-81.04009100696649
2020,NC_COUNTY,NC,UNION,Union County,INTRASTATE_HISTORY,HISTORICAL_OBSERVED,4,34.98838839323316,-80.53082116524683,"Belmont, NC",35.22117177784096,-81.04009100696649
2020,NC_COUNTY,NC,WAKE,Wake County,INTRASTATE,OBSERVED,24,35.790281477623374,-78.65053399734842,"Belmont, NC",35.22117177784096,-81.04009100696649
2020,NC_COUNTY,NC,WAKE,Wake County,INTRASTATE_HISTORY,HISTORICAL_OBSERVED,1,35.790281477623374,-78.65053399734842,"Belmont, NC",35.22117177784096,-81.04009100696649
2020,NC_COUNTY,NC,WATAUGA,Watauga County,INTRASTATE,OBSERVED,3,36.23110745983036,-81.69639836242078,"Belmont, NC",35.22117177784096,-81.04009100696649
2020,NC_COUNTY,NC,WATAUGA,Watauga County,INTRASTATE_HISTORY,HISTORICAL_OBSERVED,1,36.23110745983036,-81.69639836242078,"Belmont, NC",35.22117177784096,-81.04009100696649
2020,NC_COUNTY,NC,WAYNE,Wayne County,INTRASTATE,OBSERVED,2,35.36388030134217,-78.00411250066064,"Belmont, NC",35.22117177784096,-81.04009100696649
2020,NC_COUNTY,NC,WAYNE,Wayne County,INTRASTATE_HISTORY,HISTORICAL_OBSERVED,1,35.36388030134217,-78.00411250066064,"Belmont, NC",35.22117177784096,-81.04009100696649
2020,STATE,AL,,Alabama,LIKELY_INTERSTATE,INFERRED,5,32.77865398432238,-86.83208592589429,"Belmont, NC",35.22117177784096,-81.04009100696649
2020,STATE,AZ,,Arizona,LIKELY_INTERSTATE,INFERRED,1,34.277771410015134,-111.6566662412393,"Belmont, NC",35.22117177784096,-81.04009100696649
2020,STATE,CA,,California,LIKELY_INTERSTATE,INFERRED,10,37.195015980975256,-119.45260752173496,"Belmont, NC",35.22117177784096,-81.04009100696649
2020,STATE,CO,,Colorado,LIKELY_INTERSTATE,INFERRED,3,38.9991768781769,-105.54646491483976,"Belmont, NC",35.22117177784096,-81.04009100696649
2020,STATE,CT,,Connecticut,LIKELY_INTERSTATE,INFERRED,9,41.62087941418429,-72.72674329652416,"Belmont, NC",35.22117177784096,-81.04009100696649
2020,STATE,DC,,District of Columbia,LIKELY_INTERSTATE,INFERRED,3,38.90471868390403,-77.01628184916417,"Belmont, NC",35.22117177784096,-81.04009100696649
2020,STATE,DE,,Delaware,LIKELY_INTERSTATE,INFERRED,1,38.98498921805609,-75.49970439017494,"Belmont, NC",35.22117177784096,-81.04009100696649
2020,STATE,FL,,Florida,LIKELY_INTERSTATE,INFERRED,19,28.62044930535815,-82.45830296594168,"Belmont, NC",35.22117177784096,-81.04009100696649
2020,STATE,GA,,Georgia,LIKELY_INTERSTATE,INFERRED,8,32.639846433271394,-83.43858043148052,"Belmont, NC",35.22117177784096,-81.04009100696649
2020,STATE,HI,,Hawaii,LIKELY_INTERSTATE,INFERRED,2,20.265583655526736,-156.33090583031864,"Belmont, NC",35.22117177784096,-81.04009100696649
2020,STATE,IA,,Iowa,LIKELY_INTERSTATE,INFERRED,3,42.07570717215674,-93.49667517230012,"Belmont, NC",35.22117177784096,-81.04009100696649
2020,STATE,IL,,Illinois,LIKELY_INTERSTATE,INFERRED,11,40.04261742732908,-89.19893900970987,"Belmont, NC",35.22117177784096,-81.04009100696649
2020,STATE,IN,,Indiana,LIKELY_INTERSTATE,INFERRED,1,39.89463686417238,-86.2833957949957,"Belmont, NC",35.22117177784096,-81.04009100696649
2020,STATE,KY,,Kentucky,LIKELY_INTERSTATE,INFERRED,3,37.53712733600597,-85.30346084723276,"Belmont, NC",35.22117177784096,-81.04009100696649
2020,STATE,LA,,Louisiana,LIKELY_INTERSTATE,INFERRED,4,31.05523158022833,-91.97443411850524,"Belmont, NC",35.22117177784096,-81.04009100696649
2020,STATE,MA,,Massachusetts,LIKELY_INTERSTATE,INFERRED,7,42.255816316543104,-71.7977182168355,"Belmont, NC",35.22117177784096,-81.04009100696649
2020,STATE,MD,,Maryland,LIKELY_INTERSTATE,INFERRED,6,39.03785641550878,-76.76493346709103,"Belmont, NC",35.22117177784096,-81.04009100696649
2020,STATE,ME,,Maine,LIKELY_INTERSTATE,INFERRED,1,45.36004087593969,-69.24274701104633,"Belmont, NC",35.22117177784096,-81.04009100696649
2020,STATE,MI,,Michigan,LIKELY_INTERSTATE,INFERRED,16,44.31937386941218,-85.38538790413351,"Belmont, NC",35.22117177784096,-81.04009100696649
2020,STATE,MN,,Minnesota,LIKELY_INTERSTATE,INFERRED,2,46.28041649056275,-94.30718404737094,"Belmont, NC",35.22117177784096,-81.04009100696649
2020,STATE,MO,,Missouri,LIKELY_INTERSTATE,INFERRED,1,38.35768861327401,-92.45901758277384,"Belmont, NC",35.22117177784096,-81.04009100696649
2020,STATE,MT,,Montana,LIKELY_INTERSTATE,INFERRED,1,47.05134978839722,-109.62964658129494,"Belmont, NC",35.22117177784096,-81.04009100696649
2020,STATE,ND,,North Dakota,LIKELY_INTERSTATE,INFERRED,1,47.44949939270984,-100.46581296578026,"Belmont, NC",35.22117177784096,-81.04009100696649
2020,STATE,NE,,Nebraska,LIKELY_INTERSTATE,INFERRED,1,41.53897059661713,-99.79472310860169,"Belmont, NC",35.22117177784096,-81.04009100696649
2020,STATE,NH,,New Hampshire,LIKELY_INTERSTATE,INFERRED,1,43.67943432730117,-71.58188993134762,"Belmont, NC",35.22117177784096,-81.04009100696649
2020,STATE,NJ,,New Jersey,LIKELY_INTERSTATE,INFERRED,9,40.17985188733225,-74.66480227556326,"Belmont, NC",35.22117177784096,-81.04009100696649
2020,STATE,NY,,New York,LIKELY_INTERSTATE,INFERRED,39,42.93889286614667,-75.51233274442579,"Belmont, NC",35.22117177784096,-81.04009100696649
2020,STATE,OH,,Ohio,LIKELY_INTERSTATE,INFERRED,15,40.287860976537495,-82.79610435848963,"Belmont, NC",35.22117177784096,-81.04009100696649
2020,STATE,OK,,Oklahoma,LIKELY_INTERSTATE,INFERRED,2,35.591307041901764,-97.49368304496312,"Belmont, NC",35.22117177784096,-81.04009100696649
2020,STATE,PA,,Pennsylvania,LIKELY_INTERSTATE,INFERRED,15,40.87930649663473,-77.8014225886494,"Belmont, NC",35.22117177784096,-81.04009100696649
2020,STATE,RI,,Rhode Island,LIKELY_INTERSTATE,INFERRED,3,41.67579802500551,-71.5539808817285,"Belmont, NC",35.22117177784096,-81.04009100696649
2020,STATE,SC,,South Carolina,LIKELY_INTERSTATE,INFERRED,15,33.90748034803903,-80.89156682738907,"Belmont, NC",35.22117177784096,-81.04009100696649
2020,STATE,TN,,Tennessee,LIKELY_INTERSTATE,INFERRED,3,35.86155915153913,-86.35121521678391,"Belmont, NC",35.22117177784096,-81.04009100696649
2020,STATE,TX,,Texas,LIKELY_INTERSTATE,INFERRED,4,31.47679839840276,-99.32159658582172,"Belmont, NC",35.22117177784096,-81.04009100696649
2020,STATE,UT,,Utah,LIKELY_INTERSTATE,INFERRED,2,39.30705711463798,-111.66729766531152,"Belmont, NC",35.22117177784096,-81.04009100696649
2020,STATE,VA,,Virginia,LIKELY_INTERSTATE,INFERRED,12,37.52327730775844,-78.82595236892821,"Belmont, NC",35.22117177784096,-81.04009100696649
2020,STATE,VT,,Vermont,LIKELY_INTERSTATE,INFERRED,1,44.06944684166543,-72.66743626999609,"Belmont, NC",35.22117177784096,-81.04009100696649
2020,STATE,WA,,Washington,LIKELY_INTERSTATE,INFERRED,8,47.3825012154174,-120.44797492989149,"Belmont, NC",35.22117177784096,-81.04009100696649
2020,STATE,WI,,Wisconsin,LIKELY_INTERSTATE,INFERRED,4,44.62461393686736,-89.99602543362398,"Belmont, NC",35.22117177784096,-81.04009100696649
2020,STATE,WV,,West Virginia,LIKELY_INTERSTATE,INFERRED,7,38.64199518801285,-80.6252617726051,"Belmont, NC",35.22117177784096,-81.04009100696649
2021,NC_COUNTY,NC,BRUNSWICK,Brunswick County,INTRASTATE,OBSERVED,6,34.071564884386376,-78.2385613310926,"Belmont, NC",35.22117177784096,-81.04009100696649
2021,NC_COUNTY,NC,BUNCOMBE,Buncombe County,INTRASTATE,OBSERVED,1,35.61119345293204,-82.53015455609533,"Belmont, NC",35.22117177784096,-81.04009100696649
2021,NC_COUNTY,NC,CABARRUS,Cabarrus County,INTRASTATE,OBSERVED,7,35.386772835539844,-80.5518923176394,"Belmont, NC",35.22117177784096,-81.04009100696649
2021,NC_COUNTY,NC,CARTERET,Carteret County,INTRASTATE_HISTORY,HISTORICAL_OBSERVED,1,34.83591901279082,-76.65930789446148,"Belmont, NC",35.22117177784096,-81.04009100696649
2021,NC_COUNTY,NC,CATAWBA,Catawba County,INTRASTATE,OBSERVED,4,35.66207984306163,-81.21509159261818,"Belmont, NC",35.22117177784096,-81.04009100696649
2021,NC_COUNTY,NC,CLEVELAND,Cleveland County,INTRASTATE,OBSERVED,7,35.33399154637611,-81.55550498010103,"Belmont, NC",35.22117177784096,-81.04009100696649
2021,NC_COUNTY,NC,COLUMBUS,Columbus County,INTRASTATE,OBSERVED,1,34.26572645475835,-78.65502824812926,"Belmont, NC",35.22117177784096,-81.04009100696649
2021,NC_COUNTY,NC,CRAVEN,Craven County,INTRASTATE,OBSERVED,1,35.12467137990156,-77.09350226847458,"Belmont, NC",35.22117177784096,-81.04009100696649
2021,NC_COUNTY,NC,CUMBERLAND,Cumberland County,INTRASTATE,OBSERVED,1,35.04867707071828,-78.82765130297253,"Belmont, NC",35.22117177784096,-81.04009100696649
2021,NC_COUNTY,NC,DURHAM,Durham County,INTRASTATE,OBSERVED,5,36.03590148047604,-78.87665436662104,"Belmont, NC",35.22117177784096,-81.04009100696649
2021,NC_COUNTY,NC,FORSYTH,Forsyth County,INTRASTATE,OBSERVED,2,36.130573721893136,-80.25640911600267,"Belmont, NC",35.22117177784096,-81.04009100696649
2021,NC_COUNTY,NC,FRANKLIN,Franklin County,INTRASTATE,OBSERVED,1,36.08271140409366,-78.28577875222483,"Belmont, NC",35.22117177784096,-81.04009100696649
2021,NC_COUNTY,NC,GASTON,Gaston County,INTRASTATE,OBSERVED,245,35.294354650291226,-81.18025260813421,"Belmont, NC",35.22117177784096,-81.04009100696649
2021,NC_COUNTY,NC,GASTON,Gaston County,INTRASTATE_HISTORY,HISTORICAL_OBSERVED,2,35.294354650291226,-81.18025260813421,"Belmont, NC",35.22117177784096,-81.04009100696649
2021,NC_COUNTY,NC,GUILFORD,Guilford County,INTRASTATE,OBSERVED,7,36.07946084123937,-79.7889324888994,"Belmont, NC",35.22117177784096,-81.04009100696649
2021,NC_COUNTY,NC,HARNETT,Harnett County,INTRASTATE,OBSERVED,1,35.36893067520418,-78.8694396846121,"Belmont, NC",35.22117177784096,-81.04009100696649
2021,NC_COUNTY,NC,HAYWOOD,Haywood County,INTRASTATE,OBSERVED,2,35.55592010050248,-82.98205532932124,"Belmont, NC",35.22117177784096,-81.04009100696649
2021,NC_COUNTY,NC,HENDERSON,Henderson County,INTRASTATE,OBSERVED,3,35.33628082915664,-82.48001411773696,"Belmont, NC",35.22117177784096,-81.04009100696649
2021,NC_COUNTY,NC,IREDELL,Iredell County,INTRASTATE,OBSERVED,11,35.80681999258031,-80.87350048287874,"Belmont, NC",35.22117177784096,-81.04009100696649
2021,NC_COUNTY,NC,IREDELL,Iredell County,INTRASTATE_HISTORY,HISTORICAL_OBSERVED,1,35.80681999258031,-80.87350048287874,"Belmont, NC",35.22117177784096,-81.04009100696649
2021,NC_COUNTY,NC,LINCOLN,Lincoln County,INTRASTATE,OBSERVED,3,35.485689248223174,-81.22347171058279,"Belmont, NC",35.22117177784096,-81.04009100696649
2021,NC_COUNTY,NC,MACON,Macon County,INTRASTATE,OBSERVED,1,35.15052735955312,-83.42211331713457,"Belmont, NC",35.22117177784096,-81.04009100696649
2021,NC_COUNTY,NC,MECKLENBURG,Mecklenburg County,INTRASTATE,OBSERVED,275,35.24659284892326,-80.83279692633934,"Belmont, NC",35.22117177784096,-81.04009100696649
2021,NC_COUNTY,NC,MECKLENBURG,Mecklenburg County,INTRASTATE_HISTORY,HISTORICAL_OBSERVED,2,35.24659284892326,-80.83279692633934,"Belmont, NC",35.22117177784096,-81.04009100696649
2021,NC_COUNTY,NC,MOORE,Moore County,INTRASTATE,OBSERVED,2,35.310577226326764,-79.4813012812718,"Belmont, NC",35.22117177784096,-81.04009100696649
2021,NC_COUNTY,NC,NEW HANOVER,New Hanover County,INTRASTATE,OBSERVED,4,34.23279422545474,-77.88481602758729,"Belmont, NC",35.22117177784096,-81.04009100696649
2021,NC_COUNTY,NC,ONSLOW,Onslow County,INTRASTATE,OBSERVED,2,34.732162549183485,-77.4321855584936,"Belmont, NC",35.22117177784096,-81.04009100696649
2021,NC_COUNTY,NC,POLK,Polk County,INTRASTATE,OBSERVED,1,35.27928608152579,-82.16965226389358,"Belmont, NC",35.22117177784096,-81.04009100696649
2021,NC_COUNTY,NC,RANDOLPH,Randolph County,INTRASTATE,OBSERVED,3,35.71028605270466,-79.80605612909036,"Belmont, NC",35.22117177784096,-81.04009100696649
2021,NC_COUNTY,NC,ROWAN,Rowan County,INTRASTATE,OBSERVED,2,35.63942430786188,-80.52462655561763,"Belmont, NC",35.22117177784096,-81.04009100696649
2021,NC_COUNTY,NC,SURRY,Surry County,INTRASTATE,OBSERVED,3,36.41460748816858,-80.6879835277666,"Belmont, NC",35.22117177784096,-81.04009100696649
2021,NC_COUNTY,NC,UNION,Union County,INTRASTATE,OBSERVED,18,34.98838839323316,-80.53082116524683,"Belmont, NC",35.22117177784096,-81.04009100696649
2021,NC_COUNTY,NC,WAKE,Wake County,INTRASTATE,OBSERVED,14,35.790281477623374,-78.65053399734842,"Belmont, NC",35.22117177784096,-81.04009100696649
2021,NC_COUNTY,NC,WAKE,Wake County,INTRASTATE_HISTORY,HISTORICAL_OBSERVED,1,35.790281477623374,-78.65053399734842,"Belmont, NC",35.22117177784096,-81.04009100696649
2021,NC_COUNTY,NC,WATAUGA,Watauga County,INTRASTATE,OBSERVED,5,36.23110745983036,-81.69639836242078,"Belmont, NC",35.22117177784096,-81.04009100696649
2021,NC_COUNTY,NC,WAYNE,Wayne County,INTRASTATE,OBSERVED,2,35.36388030134217,-78.00411250066064,"Belmont, NC",35.22117177784096,-81.04009100696649
2021,STATE,AL,,Alabama,LIKELY_INTERSTATE,INFERRED,3,32.77865398432238,-86.83208592589429,"Belmont, NC",35.22117177784096,-81.04009100696649
2021,STATE,CA,,California,LIKELY_INTERSTATE,INFERRED,11,37.195015980975256,-119.45260752173496,"Belmont, NC",35.22117177784096,-81.04009100696649
2021,STATE,CO,,Colorado,LIKELY_INTERSTATE,INFERRED,1,38.9991768781769,-105.54646491483976,"Belmont, NC",35.22117177784096,-81.04009100696649
2021,STATE,CT,,Connecticut,LIKELY_INTERSTATE,INFERRED,4,41.62087941418429,-72.72674329652416,"Belmont, NC",35.22117177784096,-81.04009100696649
2021,STATE,DC,,District of Columbia,LIKELY_INTERSTATE,INFERRED,3,38.90471868390403,-77.01628184916417,"Belmont, NC",35.22117177784096,-81.04009100696649
2021,STATE,DE,,Delaware,LIKELY_INTERSTATE,INFERRED,1,38.98498921805609,-75.49970439017494,"Belmont, NC",35.22117177784096,-81.04009100696649
2021,STATE,FL,,Florida,LIKELY_INTERSTATE,INFERRED,11,28.62044930535815,-82.45830296594168,"Belmont, NC",35.22117177784096,-81.04009100696649
2021,STATE,GA,,Georgia,LIKELY_INTERSTATE,INFERRED,5,32.639846433271394,-83.43858043148052,"Belmont, NC",35.22117177784096,-81.04009100696649
2021,STATE,IL,,Illinois,LIKELY_INTERSTATE,INFERRED,10,40.04261742732908,-89.19893900970987,"Belmont, NC",35.22117177784096,-81.04009100696649
2021,STATE,IN,,Indiana,LIKELY_INTERSTATE,INFERRED,4,39.89463686417238,-86.2833957949957,"Belmont, NC",35.22117177784096,-81.04009100696649
2021,STATE,KY,,Kentucky,LIKELY_INTERSTATE,INFERRED,1,37.53712733600597,-85.30346084723276,"Belmont, NC",35.22117177784096,-81.04009100696649
2021,STATE,LA,,Louisiana,LIKELY_INTERSTATE,INFERRED,3,31.05523158022833,-91.97443411850524,"Belmont, NC",35.22117177784096,-81.04009100696649
2021,STATE,MA,,Massachusetts,LIKELY_INTERSTATE,INFERRED,5,42.255816316543104,-71.7977182168355,"Belmont, NC",35.22117177784096,-81.04009100696649
2021,STATE,MD,,Maryland,LIKELY_INTERSTATE,INFERRED,5,39.03785641550878,-76.76493346709103,"Belmont, NC",35.22117177784096,-81.04009100696649
2021,STATE,ME,,Maine,LIKELY_INTERSTATE,INFERRED,2,45.36004087593969,-69.24274701104633,"Belmont, NC",35.22117177784096,-81.04009100696649
2021,STATE,MI,,Michigan,LIKELY_INTERSTATE,INFERRED,14,44.31937386941218,-85.38538790413351,"Belmont, NC",35.22117177784096,-81.04009100696649
2021,STATE,MN,,Minnesota,LIKELY_INTERSTATE,INFERRED,1,46.28041649056275,-94.30718404737094,"Belmont, NC",35.22117177784096,-81.04009100696649
2021,STATE,NE,,Nebraska,LIKELY_INTERSTATE,INFERRED,2,41.53897059661713,-99.79472310860169,"Belmont, NC",35.22117177784096,-81.04009100696649
2021,STATE,NJ,,New Jersey,LIKELY_INTERSTATE,INFERRED,8,40.17985188733225,-74.66480227556326,"Belmont, NC",35.22117177784096,-81.04009100696649
2021,STATE,NY,,New York,LIKELY_INTERSTATE,INFERRED,28,42.93889286614667,-75.51233274442579,"Belmont, NC",35.22117177784096,-81.04009100696649
2021,STATE,OH,,Ohio,LIKELY_INTERSTATE,INFERRED,11,40.287860976537495,-82.79610435848963,"Belmont, NC",35.22117177784096,-81.04009100696649
2021,STATE,OR,,Oregon,LIKELY_INTERSTATE,INFERRED,3,43.935546346319605,-120.55672578928844,"Belmont, NC",35.22117177784096,-81.04009100696649
2021,STATE,PA,,Pennsylvania,LIKELY_INTERSTATE,INFERRED,17,40.87930649663473,-77.8014225886494,"Belmont, NC",35.22117177784096,-81.04009100696649
2021,STATE,RI,,Rhode Island,LIKELY_INTERSTATE,INFERRED,3,41.67579802500551,-71.5539808817285,"Belmont, NC",35.22117177784096,-81.04009100696649
2021,STATE,SC,,South Carolina,LIKELY_INTERSTATE,INFERRED,6,33.90748034803903,-80.89156682738907,"Belmont, NC",35.22117177784096,-81.04009100696649
2021,STATE,TN,,Tennessee,LIKELY_INTERSTATE,INFERRED,4,35.86155915153913,-86.35121521678391,"Belmont, NC",35.22117177784096,-81.04009100696649
2021,STATE,TX,,Texas,LIKELY_INTERSTATE,INFERRED,7,31.47679839840276,-99.32159658582172,"Belmont, NC",35.22117177784096,-81.04009100696649
2021,STATE,VA,,Virginia,LIKELY_INTERSTATE,INFERRED,7,37.52327730775844,-78.82595236892821,"Belmont, NC",35.22117177784096,-81.04009100696649
2021,STATE,VT,,Vermont,LIKELY_INTERSTATE,INFERRED,2,44.06944684166543,-72.66743626999609,"Belmont, NC",35.22117177784096,-81.04009100696649
2021,STATE,WA,,Washington,LIKELY_INTERSTATE,INFERRED,5,47.3825012154174,-120.44797492989149,"Belmont, NC",35.22117177784096,-81.04009100696649
2021,STATE,WI,,Wisconsin,LIKELY_INTERSTATE,INFERRED,2,44.62461393686736,-89.99602543362398,"Belmont, NC",35.22117177784096,-81.04009100696649
2021,STATE,WV,,West Virginia,LIKELY_INTERSTATE,INFERRED,3,38.64199518801285,-80.6252617726051,"Belmont, NC",35.22117177784096,-81.04009100696649
2022,NC_COUNTY,NC,ALEXANDER,Alexander County,INTRASTATE,OBSERVED,2,35.921020326828554,-81.17705870469763,"Belmont, NC",35.22117177784096,-81.04009100696649
2022,NC_COUNTY,NC,ASHE,Ashe County,INTRASTATE,OBSERVED,1,36.43404508624506,-81.50032822936811,"Belmont, NC",35.22117177784096,-81.04009100696649
2022,NC_COUNTY,NC,BRUNSWICK,Brunswick County,INTRASTATE,OBSERVED,5,34.071564884386376,-78.2385613310926,"Belmont, NC",35.22117177784096,-81.04009100696649
2022,NC_COUNTY,NC,BUNCOMBE,Buncombe County,INTRASTATE,OBSERVED,9,35.61119345293204,-82.53015455609533,"Belmont, NC",35.22117177784096,-81.04009100696649
2022,NC_COUNTY,NC,BURKE,Burke County,INTRASTATE,OBSERVED,3,35.74958210762996,-81.70461451500731,"Belmont, NC",35.22117177784096,-81.04009100696649
2022,NC_COUNTY,NC,BURKE,Burke County,INTRASTATE_HISTORY,HISTORICAL_OBSERVED,1,35.74958210762996,-81.70461451500731,"Belmont, NC",35.22117177784096,-81.04009100696649
2022,NC_COUNTY,NC,CABARRUS,Cabarrus County,INTRASTATE,OBSERVED,9,35.386772835539844,-80.5518923176394,"Belmont, NC",35.22117177784096,-81.04009100696649
2022,NC_COUNTY,NC,CARTERET,Carteret County,INTRASTATE_HISTORY,HISTORICAL_OBSERVED,1,34.83591901279082,-76.65930789446148,"Belmont, NC",35.22117177784096,-81.04009100696649
2022,NC_COUNTY,NC,CATAWBA,Catawba County,INTRASTATE,OBSERVED,7,35.66207984306163,-81.21509159261818,"Belmont, NC",35.22117177784096,-81.04009100696649
2022,NC_COUNTY,NC,CHATHAM,Chatham County,INTRASTATE,OBSERVED,1,35.70267964585222,-79.25553285267836,"Belmont, NC",35.22117177784096,-81.04009100696649
2022,NC_COUNTY,NC,CLEVELAND,Cleveland County,INTRASTATE,OBSERVED,11,35.33399154637611,-81.55550498010103,"Belmont, NC",35.22117177784096,-81.04009100696649
2022,NC_COUNTY,NC,CUMBERLAND,Cumberland County,INTRASTATE,OBSERVED,3,35.04867707071828,-78.82765130297253,"Belmont, NC",35.22117177784096,-81.04009100696649
2022,NC_COUNTY,NC,CURRITUCK,Currituck County,INTRASTATE,OBSERVED,1,36.40487707066647,-76.00766479047532,"Belmont, NC",35.22117177784096,-81.04009100696649
2022,NC_COUNTY,NC,DAVIDSON,Davidson County,INTRASTATE,OBSERVED,1,35.79312147781754,-80.21270323395977,"Belmont, NC",35.22117177784096,-81.04009100696649
2022,NC_COUNTY,NC,DAVIE,Davie County,INTRASTATE,OBSERVED,2,35.92907150083486,-80.54448516047837,"Belmont, NC",35.22117177784096,-81.04009100696649
2022,NC_COUNTY,NC,DURHAM,Durham County,INTRASTATE,OBSERVED,8,36.03590148047604,-78.87665436662104,"Belmont, NC",35.22117177784096,-81.04009100696649
2022,NC_COUNTY,NC,FORSYTH,Forsyth County,INTRASTATE,OBSERVED,3,36.130573721893136,-80.25640911600267,"Belmont, NC",35.22117177784096,-81.04009100696649
2022,NC_COUNTY,NC,GASTON,Gaston County,INTRASTATE,OBSERVED,294,35.294354650291226,-81.18025260813421,"Belmont, NC",35.22117177784096,-81.04009100696649
2022,NC_COUNTY,NC,GASTON,Gaston County,INTRASTATE_HISTORY,HISTORICAL_OBSERVED,9,35.294354650291226,-81.18025260813421,"Belmont, NC",35.22117177784096,-81.04009100696649
2022,NC_COUNTY,NC,GUILFORD,Guilford County,INTRASTATE,OBSERVED,6,36.07946084123937,-79.7889324888994,"Belmont, NC",35.22117177784096,-81.04009100696649
2022,NC_COUNTY,NC,HAYWOOD,Haywood County,INTRASTATE,OBSERVED,2,35.55592010050248,-82.98205532932124,"Belmont, NC",35.22117177784096,-81.04009100696649
2022,NC_COUNTY,NC,HENDERSON,Henderson County,INTRASTATE,OBSERVED,2,35.33628082915664,-82.48001411773696,"Belmont, NC",35.22117177784096,-81.04009100696649
2022,NC_COUNTY,NC,IREDELL,Iredell County,INTRASTATE,OBSERVED,12,35.80681999258031,-80.87350048287874,"Belmont, NC",35.22117177784096,-81.04009100696649
2022,NC_COUNTY,NC,IREDELL,Iredell County,INTRASTATE_HISTORY,HISTORICAL_OBSERVED,1,35.80681999258031,-80.87350048287874,"Belmont, NC",35.22117177784096,-81.04009100696649
2022,NC_COUNTY,NC,JACKSON,Jackson County,INTRASTATE,OBSERVED,2,35.28748188245961,-83.14074324457448,"Belmont, NC",35.22117177784096,-81.04009100696649
2022,NC_COUNTY,NC,JOHNSTON,Johnston County,INTRASTATE,OBSERVED,7,35.51774182450904,-78.36583517790054,"Belmont, NC",35.22117177784096,-81.04009100696649
2022,NC_COUNTY,NC,LINCOLN,Lincoln County,INTRASTATE,OBSERVED,12,35.485689248223174,-81.22347171058279,"Belmont, NC",35.22117177784096,-81.04009100696649
2022,NC_COUNTY,NC,MACON,Macon County,INTRASTATE,OBSERVED,1,35.15052735955312,-83.42211331713457,"Belmont, NC",35.22117177784096,-81.04009100696649
2022,NC_COUNTY,NC,MCDOWELL,Mcdowell County,INTRASTATE,OBSERVED,2,35.68165796070379,-82.04936198653988,"Belmont, NC",35.22117177784096,-81.04009100696649
2022,NC_COUNTY,NC,MECKLENBURG,Mecklenburg County,INTRASTATE,OBSERVED,312,35.24659284892326,-80.83279692633934,"Belmont, NC",35.22117177784096,-81.04009100696649
2022,NC_COUNTY,NC,MECKLENBURG,Mecklenburg County,INTRASTATE_HISTORY,HISTORICAL_OBSERVED,8,35.24659284892326,-80.83279692633934,"Belmont, NC",35.22117177784096,-81.04009100696649
2022,NC_COUNTY,NC,MONTGOMERY,Montgomery County,INTRASTATE,OBSERVED,1,35.332414164739305,-79.90546089145069,"Belmont, NC",35.22117177784096,-81.04009100696649
2022,NC_COUNTY,NC,MOORE,Moore County,INTRASTATE,OBSERVED,2,35.310577226326764,-79.4813012812718,"Belmont, NC",35.22117177784096,-81.04009100696649
2022,NC_COUNTY,NC,NEW HANOVER,New Hanover County,INTRASTATE,OBSERVED,5,34.23279422545474,-77.88481602758729,"Belmont, NC",35.22117177784096,-81.04009100696649
2022,NC_COUNTY,NC,PENDER,Pender County,INTRASTATE,OBSERVED,1,34.52489257089181,-77.90520676640227,"Belmont, NC",35.22117177784096,-81.04009100696649
2022,NC_COUNTY,NC,PITT,Pitt County,INTRASTATE,OBSERVED,2,35.593207072532294,-77.37446702606579,"Belmont, NC",35.22117177784096,-81.04009100696649
2022,NC_COUNTY,NC,PITT,Pitt County,INTRASTATE_HISTORY,HISTORICAL_OBSERVED,1,35.593207072532294,-77.37446702606579,"Belmont, NC",35.22117177784096,-81.04009100696649
2022,NC_COUNTY,NC,RANDOLPH,Randolph County,INTRASTATE,OBSERVED,3,35.71028605270466,-79.80605612909036,"Belmont, NC",35.22117177784096,-81.04009100696649
2022,NC_COUNTY,NC,RANDOLPH,Randolph County,INTRASTATE_HISTORY,HISTORICAL_OBSERVED,1,35.71028605270466,-79.80605612909036,"Belmont, NC",35.22117177784096,-81.04009100696649
2022,NC_COUNTY,NC,RICHMOND,Richmond County,INTRASTATE,OBSERVED,2,35.00587494388242,-79.74783871362447,"Belmont, NC",35.22117177784096,-81.04009100696649
2022,NC_COUNTY,NC,ROBESON,Robeson County,INTRASTATE,OBSERVED,2,34.64009494809851,-79.10398344279173,"Belmont, NC",35.22117177784096,-81.04009100696649
2022,NC_COUNTY,NC,ROCKINGHAM,Rockingham County,INTRASTATE,OBSERVED,1,36.39603618096806,-79.77502142142185,"Belmont, NC",35.22117177784096,-81.04009100696649
2022,NC_COUNTY,NC,ROWAN,Rowan County,INTRASTATE,OBSERVED,4,35.63942430786188,-80.52462655561763,"Belmont, NC",35.22117177784096,-81.04009100696649
2022,NC_COUNTY,NC,RUTHERFORD,Rutherford County,INTRASTATE,OBSERVED,3,35.40255418041544,-81.9198160736472,"Belmont, NC",35.22117177784096,-81.04009100696649
2022,NC_COUNTY,NC,STANLY,Stanly County,INTRASTATE,OBSERVED,1,35.31185948181319,-80.25106604580184,"Belmont, NC",35.22117177784096,-81.04009100696649
2022,NC_COUNTY,NC,UNION,Union County,INTRASTATE,OBSERVED,8,34.98838839323316,-80.53082116524683,"Belmont, NC",35.22117177784096,-81.04009100696649
2022,NC_COUNTY,NC,UNION,Union County,INTRASTATE_HISTORY,HISTORICAL_OBSERVED,1,34.98838839323316,-80.53082116524683,"Belmont, NC",35.22117177784096,-81.04009100696649
2022,NC_COUNTY,NC,WAKE,Wake County,INTRASTATE,OBSERVED,18,35.790281477623374,-78.65053399734842,"Belmont, NC",35.22117177784096,-81.04009100696649
2022,NC_COUNTY,NC,WAKE,Wake County,INTRASTATE_HISTORY,HISTORICAL_OBSERVED,2,35.790281477623374,-78.65053399734842,"Belmont, NC",35.22117177784096,-81.04009100696649
2022,NC_COUNTY,NC,WATAUGA,Watauga County,INTRASTATE,OBSERVED,5,36.23110745983036,-81.69639836242078,"Belmont, NC",35.22117177784096,-81.04009100696649
2022,NC_COUNTY,NC,WILKES,Wilkes County,INTRASTATE,OBSERVED,2,36.20618110588303,-81.16305922307903,"Belmont, NC",35.22117177784096,-81.04009100696649
2022,STATE,AL,,Alabama,LIKELY_INTERSTATE,INFERRED,6,32.77865398432238,-86.83208592589429,"Belmont, NC",35.22117177784096,-81.04009100696649
2022,STATE,AZ,,Arizona,LIKELY_INTERSTATE,INFERRED,1,34.277771410015134,-111.6566662412393,"Belmont, NC",35.22117177784096,-81.04009100696649
2022,STATE,CA,,California,LIKELY_INTERSTATE,INFERRED,15,37.195015980975256,-119.45260752173496,"Belmont, NC",35.22117177784096,-81.04009100696649
2022,STATE,CO,,Colorado,LIKELY_INTERSTATE,INFERRED,1,38.9991768781769,-105.54646491483976,"Belmont, NC",35.22117177784096,-81.04009100696649
2022,STATE,CT,,Connecticut,LIKELY_INTERSTATE,INFERRED,5,41.62087941418429,-72.72674329652416,"Belmont, NC",35.22117177784096,-81.04009100696649
2022,STATE,DC,,District of Columbia,LIKELY_INTERSTATE,INFERRED,4,38.90471868390403,-77.01628184916417,"Belmont, NC",35.22117177784096,-81.04009100696649
2022,STATE,DE,,Delaware,LIKELY_INTERSTATE,INFERRED,1,38.98498921805609,-75.49970439017494,"Belmont, NC",35.22117177784096,-81.04009100696649
2022,STATE,FL,,Florida,LIKELY_INTERSTATE,INFERRED,18,28.62044930535815,-82.45830296594168,"Belmont, NC",35.22117177784096,-81.04009100696649
2022,STATE,GA,,Georgia,LIKELY_INTERSTATE,INFERRED,11,32.639846433271394,-83.43858043148052,"Belmont, NC",35.22117177784096,-81.04009100696649
2022,STATE,HI,,Hawaii,LIKELY_INTERSTATE,INFERRED,1,20.265583655526736,-156.33090583031864,"Belmont, NC",35.22117177784096,-81.04009100696649
2022,STATE,IA,,Iowa,LIKELY_INTERSTATE,INFERRED,2,42.07570717215674,-93.49667517230012,"Belmont, NC",35.22117177784096,-81.04009100696649
2022,STATE,ID,,Idaho,LIKELY_INTERSTATE,INFERRED,1,44.351754235719305,-114.60703931394234,"Belmont, NC",35.22117177784096,-81.04009100696649
2022,STATE,IL,,Illinois,LIKELY_INTERSTATE,INFERRED,21,40.04261742732908,-89.19893900970987,"Belmont, NC",35.22117177784096,-81.04009100696649
2022,STATE,IN,,Indiana,LIKELY_INTERSTATE,INFERRED,7,39.89463686417238,-86.2833957949957,"Belmont, NC",35.22117177784096,-81.04009100696649
2022,STATE,KS,,Kansas,LIKELY_INTERSTATE,INFERRED,4,38.49574371430764,-98.37884819171762,"Belmont, NC",35.22117177784096,-81.04009100696649
2022,STATE,KY,,Kentucky,LIKELY_INTERSTATE,INFERRED,4,37.53712733600597,-85.30346084723276,"Belmont, NC",35.22117177784096,-81.04009100696649
2022,STATE,LA,,Louisiana,LIKELY_INTERSTATE,INFERRED,6,31.05523158022833,-91.97443411850524,"Belmont, NC",35.22117177784096,-81.04009100696649
2022,STATE,MA,,Massachusetts,LIKELY_INTERSTATE,INFERRED,5,42.255816316543104,-71.7977182168355,"Belmont, NC",35.22117177784096,-81.04009100696649
2022,STATE,MD,,Maryland,LIKELY_INTERSTATE,INFERRED,10,39.03785641550878,-76.76493346709103,"Belmont, NC",35.22117177784096,-81.04009100696649
2022,STATE,MI,,Michigan,LIKELY_INTERSTATE,INFERRED,17,44.31937386941218,-85.38538790413351,"Belmont, NC",35.22117177784096,-81.04009100696649
2022,STATE,MN,,Minnesota,LIKELY_INTERSTATE,INFERRED,3,46.28041649056275,-94.30718404737094,"Belmont, NC",35.22117177784096,-81.04009100696649
2022,STATE,MO,,Missouri,LIKELY_INTERSTATE,INFERRED,1,38.35768861327401,-92.45901758277384,"Belmont, NC",35.22117177784096,-81.04009100696649
2022,STATE,MS,,Mississippi,LIKELY_INTERSTATE,INFERRED,2,32.73733149907692,-89.66953793664956,"Belmont, NC",35.22117177784096,-81.04009100696649
2022,STATE,MT,,Montana,LIKELY_INTERSTATE,INFERRED,1,47.05134978839722,-109.62964658129494,"Belmont, NC",35.22117177784096,-81.04009100696649
2022,STATE,ND,,North Dakota,LIKELY_INTERSTATE,INFERRED,2,47.44949939270984,-100.46581296578026,"Belmont, NC",35.22117177784096,-81.04009100696649
2022,STATE,NH,,New Hampshire,LIKELY_INTERSTATE,INFERRED,4,43.67943432730117,-71.58188993134762,"Belmont, NC",35.22117177784096,-81.04009100696649
2022,STATE,NJ,,New Jersey,LIKELY_INTERSTATE,INFERRED,19,40.17985188733225,-74.66480227556326,"Belmont, NC",35.22117177784096,-81.04009100696649
2022,STATE,NM,,New Mexico,LIKELY_INTERSTATE,INFERRED,2,34.41052078321361,-106.11095550919292,"Belmont, NC",35.22117177784096,-81.04009100696649
2022,STATE,NY,,New York,LIKELY_INTERSTATE,INFERRED,33,42.93889286614667,-75.51233274442579,"Belmont, NC",35.22117177784096,-81.04009100696649
2022,STATE,OH,,Ohio,LIKELY_INTERSTATE,INFERRED,13,40.287860976537495,-82.79610435848963,"Belmont, NC",35.22117177784096,-81.04009100696649
2022,STATE,OK,,Oklahoma,LIKELY_INTERSTATE,INFERRED,2,35.591307041901764,-97.49368304496312,"Belmont, NC",35.22117177784096,-81.04009100696649
2022,STATE,OR,,Oregon,LIKELY_INTERSTATE,INFERRED,1,43.935546346319605,-120.55672578928844,"Belmont, NC",35.22117177784096,-81.04009100696649
2022,STATE,PA,,Pennsylvania,LIKELY_INTERSTATE,INFERRED,12,40.87930649663473,-77.8014225886494,"Belmont, NC",35.22117177784096,-81.04009100696649
2022,STATE,RI,,Rhode Island,LIKELY_INTERSTATE,INFERRED,3,41.67579802500551,-71.5539808817285,"Belmont, NC",35.22117177784096,-81.04009100696649
2022,STATE,SC,,South Carolina,LIKELY_INTERSTATE,INFERRED,18,33.90748034803903,-80.89156682738907,"Belmont, NC",35.22117177784096,-81.04009100696649
2022,STATE,TN,,Tennessee,LIKELY_INTERSTATE,INFERRED,5,35.86155915153913,-86.35121521678391,"Belmont, NC",35.22117177784096,-81.04009100696649
2022,STATE,TX,,Texas,LIKELY_INTERSTATE,INFERRED,9,31.47679839840276,-99.32159658582172,"Belmont, NC",35.22117177784096,-81.04009100696649
2022,STATE,UT,,Utah,LIKELY_INTERSTATE,INFERRED,2,39.30705711463798,-111.66729766531152,"Belmont, NC",35.22117177784096,-81.04009100696649
2022,STATE,VA,,Virginia,LIKELY_INTERSTATE,INFERRED,12,37.52327730775844,-78.82595236892821,"Belmont, NC",35.22117177784096,-81.04009100696649
2022,STATE,WA,,Washington,LIKELY_INTERSTATE,INFERRED,4,47.3825012154174,-120.44797492989149,"Belmont, NC",35.22117177784096,-81.04009100696649
2022,STATE,WI,,Wisconsin,LIKELY_INTERSTATE,INFERRED,2,44.62461393686736,-89.99602543362398,"Belmont, NC",35.22117177784096,-81.04009100696649
2022,STATE,WV,,West Virginia,LIKELY_INTERSTATE,INFERRED,4,38.64199518801285,-80.6252617726051,"Belmont, NC",35.22117177784096,-81.04009100696649
2023,NC_COUNTY,NC,ANSON,Anson County,INTRASTATE,OBSERVED,1,34.973774401469264,-80.10268261531041,"Belmont, NC",35.22117177784096,-81.04009100696649
2023,NC_COUNTY,NC,BRUNSWICK,Brunswick County,INTRASTATE,OBSERVED,6,34.071564884386376,-78.2385613310926,"Belmont, NC",35.22117177784096,-81.04009100696649
2023,NC_COUNTY,NC,BUNCOMBE,Buncombe County,INTRASTATE,OBSERVED,4,35.61119345293204,-82.53015455609533,"Belmont, NC",35.22117177784096,-81.04009100696649
2023,NC_COUNTY,NC,BURKE,Burke County,INTRASTATE,OBSERVED,3,35.74958210762996,-81.70461451500731,"Belmont, NC",35.22117177784096,-81.04009100696649
2023,NC_COUNTY,NC,CABARRUS,Cabarrus County,INTRASTATE,OBSERVED,10,35.386772835539844,-80.5518923176394,"Belmont, NC",35.22117177784096,-81.04009100696649
2023,NC_COUNTY,NC,CALDWELL,Caldwell County,INTRASTATE,OBSERVED,2,35.953004401220724,-81.54633832545225,"Belmont, NC",35.22117177784096,-81.04009100696649
2023,NC_COUNTY,NC,CATAWBA,Catawba County,INTRASTATE,OBSERVED,2,35.66207984306163,-81.21509159261818,"Belmont, NC",35.22117177784096,-81.04009100696649
2023,NC_COUNTY,NC,CHATHAM,Chatham County,INTRASTATE,OBSERVED,1,35.70267964585222,-79.25553285267836,"Belmont, NC",35.22117177784096,-81.04009100696649
2023,NC_COUNTY,NC,CLEVELAND,Cleveland County,INTRASTATE,OBSERVED,4,35.33399154637611,-81.55550498010103,"Belmont, NC",35.22117177784096,-81.04009100696649
2023,NC_COUNTY,NC,CUMBERLAND,Cumberland County,INTRASTATE,OBSERVED,1,35.04867707071828,-78.82765130297253,"Belmont, NC",35.22117177784096,-81.04009100696649
2023,NC_COUNTY,NC,DURHAM,Durham County,INTRASTATE,OBSERVED,2,36.03590148047604,-78.87665436662104,"Belmont, NC",35.22117177784096,-81.04009100696649
2023,NC_COUNTY,NC,FORSYTH,Forsyth County,INTRASTATE,OBSERVED,2,36.130573721893136,-80.25640911600267,"Belmont, NC",35.22117177784096,-81.04009100696649
2023,NC_COUNTY,NC,GASTON,Gaston County,INTRASTATE,OBSERVED,219,35.294354650291226,-81.18025260813421,"Belmont, NC",35.22117177784096,-81.04009100696649
2023,NC_COUNTY,NC,GASTON,Gaston County,INTRASTATE_HISTORY,HISTORICAL_OBSERVED,4,35.294354650291226,-81.18025260813421,"Belmont, NC",35.22117177784096,-81.04009100696649
2023,NC_COUNTY,NC,GRANVILLE,Granville County,INTRASTATE,OBSERVED,1,36.30384312862772,-78.65278457240375,"Belmont, NC",35.22117177784096,-81.04009100696649
2023,NC_COUNTY,NC,GUILFORD,Guilford County,INTRASTATE,OBSERVED,2,36.07946084123937,-79.7889324888994,"Belmont, NC",35.22117177784096,-81.04009100696649
2023,NC_COUNTY,NC,HARNETT,Harnett County,INTRASTATE,OBSERVED,2,35.36893067520418,-78.8694396846121,"Belmont, NC",35.22117177784096,-81.04009100696649
2023,NC_COUNTY,NC,HENDERSON,Henderson County,INTRASTATE,OBSERVED,1,35.33628082915664,-82.48001411773696,"Belmont, NC",35.22117177784096,-81.04009100696649
2023,NC_COUNTY,NC,IREDELL,Iredell County,INTRASTATE,OBSERVED,8,35.80681999258031,-80.87350048287874,"Belmont, NC",35.22117177784096,-81.04009100696649
2023,NC_COUNTY,NC,LINCOLN,Lincoln County,INTRASTATE,OBSERVED,13,35.485689248223174,-81.22347171058279,"Belmont, NC",35.22117177784096,-81.04009100696649
2023,NC_COUNTY,NC,MECKLENBURG,Mecklenburg County,INTRASTATE,OBSERVED,240,35.24659284892326,-80.83279692633934,"Belmont, NC",35.22117177784096,-81.04009100696649
2023,NC_COUNTY,NC,MECKLENBURG,Mecklenburg County,INTRASTATE_HISTORY,HISTORICAL_OBSERVED,2,35.24659284892326,-80.83279692633934,"Belmont, NC",35.22117177784096,-81.04009100696649
2023,NC_COUNTY,NC,MITCHELL,Mitchell County,INTRASTATE,OBSERVED,1,36.01324542726343,-82.16353420952042,"Belmont, NC",35.22117177784096,-81.04009100696649
2023,NC_COUNTY,NC,NEW HANOVER,New Hanover County,INTRASTATE,OBSERVED,4,34.23279422545474,-77.88481602758729,"Belmont, NC",35.22117177784096,-81.04009100696649
2023,NC_COUNTY,NC,ORANGE,Orange County,INTRASTATE,OBSERVED,1,36.06101884485183,-79.12073315372179,"Belmont, NC",35.22117177784096,-81.04009100696649
2023,NC_COUNTY,NC,PENDER,Pender County,INTRASTATE,OBSERVED,1,34.52489257089181,-77.90520676640227,"Belmont, NC",35.22117177784096,-81.04009100696649
2023,NC_COUNTY,NC,PITT,Pitt County,INTRASTATE,OBSERVED,4,35.593207072532294,-77.37446702606579,"Belmont, NC",35.22117177784096,-81.04009100696649
2023,NC_COUNTY,NC,RANDOLPH,Randolph County,INTRASTATE,OBSERVED,1,35.71028605270466,-79.80605612909036,"Belmont, NC",35.22117177784096,-81.04009100696649
2023,NC_COUNTY,NC,RICHMOND,Richmond County,INTRASTATE,OBSERVED,1,35.00587494388242,-79.74783871362447,"Belmont, NC",35.22117177784096,-81.04009100696649
2023,NC_COUNTY,NC,ROWAN,Rowan County,INTRASTATE,OBSERVED,7,35.63942430786188,-80.52462655561763,"Belmont, NC",35.22117177784096,-81.04009100696649
2023,NC_COUNTY,NC,RUTHERFORD,Rutherford County,INTRASTATE,OBSERVED,1,35.40255418041544,-81.9198160736472,"Belmont, NC",35.22117177784096,-81.04009100696649
2023,NC_COUNTY,NC,UNION,Union County,INTRASTATE,OBSERVED,6,34.98838839323316,-80.53082116524683,"Belmont, NC",35.22117177784096,-81.04009100696649
2023,NC_COUNTY,NC,UNION,Union County,INTRASTATE_HISTORY,HISTORICAL_OBSERVED,1,34.98838839323316,-80.53082116524683,"Belmont, NC",35.22117177784096,-81.04009100696649
2023,NC_COUNTY,NC,WAKE,Wake County,INTRASTATE,OBSERVED,16,35.790281477623374,-78.65053399734842,"Belmont, NC",35.22117177784096,-81.04009100696649
2023,NC_COUNTY,NC,WATAUGA,Watauga County,INTRASTATE,OBSERVED,2,36.23110745983036,-81.69639836242078,"Belmont, NC",35.22117177784096,-81.04009100696649
2023,STATE,AL,,Alabama,LIKELY_INTERSTATE,INFERRED,6,32.77865398432238,-86.83208592589429,"Belmont, NC",35.22117177784096,-81.04009100696649
2023,STATE,AZ,,Arizona,LIKELY_INTERSTATE,INFERRED,1,34.277771410015134,-111.6566662412393,"Belmont, NC",35.22117177784096,-81.04009100696649
2023,STATE,CA,,California,LIKELY_INTERSTATE,INFERRED,15,37.195015980975256,-119.45260752173496,"Belmont, NC",35.22117177784096,-81.04009100696649
2023,STATE,CO,,Colorado,LIKELY_INTERSTATE,INFERRED,4,38.9991768781769,-105.54646491483976,"Belmont, NC",35.22117177784096,-81.04009100696649
2023,STATE,CT,,Connecticut,LIKELY_INTERSTATE,INFERRED,6,41.62087941418429,-72.72674329652416,"Belmont, NC",35.22117177784096,-81.04009100696649
2023,STATE,DC,,District of Columbia,LIKELY_INTERSTATE,INFERRED,1,38.90471868390403,-77.01628184916417,"Belmont, NC",35.22117177784096,-81.04009100696649
2023,STATE,DE,,Delaware,LIKELY_INTERSTATE,INFERRED,2,38.98498921805609,-75.49970439017494,"Belmont, NC",35.22117177784096,-81.04009100696649
2023,STATE,FL,,Florida,LIKELY_INTERSTATE,INFERRED,13,28.62044930535815,-82.45830296594168,"Belmont, NC",35.22117177784096,-81.04009100696649
2023,STATE,GA,,Georgia,LIKELY_INTERSTATE,INFERRED,7,32.639846433271394,-83.43858043148052,"Belmont, NC",35.22117177784096,-81.04009100696649
2023,STATE,HI,,Hawaii,LIKELY_INTERSTATE,INFERRED,1,20.265583655526736,-156.33090583031864,"Belmont, NC",35.22117177784096,-81.04009100696649
2023,STATE,IA,,Iowa,LIKELY_INTERSTATE,INFERRED,2,42.07570717215674,-93.49667517230012,"Belmont, NC",35.22117177784096,-81.04009100696649
2023,STATE,ID,,Idaho,LIKELY_INTERSTATE,INFERRED,1,44.351754235719305,-114.60703931394234,"Belmont, NC",35.22117177784096,-81.04009100696649
2023,STATE,IL,,Illinois,LIKELY_INTERSTATE,INFERRED,10,40.04261742732908,-89.19893900970987,"Belmont, NC",35.22117177784096,-81.04009100696649
2023,STATE,IN,,Indiana,LIKELY_INTERSTATE,INFERRED,8,39.89463686417238,-86.2833957949957,"Belmont, NC",35.22117177784096,-81.04009100696649
2023,STATE,KS,,Kansas,LIKELY_INTERSTATE,INFERRED,3,38.49574371430764,-98.37884819171762,"Belmont, NC",35.22117177784096,-81.04009100696649
2023,STATE,KY,,Kentucky,LIKELY_INTERSTATE,INFERRED,3,37.53712733600597,-85.30346084723276,"Belmont, NC",35.22117177784096,-81.04009100696649
2023,STATE,LA,,Louisiana,LIKELY_INTERSTATE,INFERRED,6,31.05523158022833,-91.97443411850524,"Belmont, NC",35.22117177784096,-81.04009100696649
2023,STATE,MA,,Massachusetts,LIKELY_INTERSTATE,INFERRED,4,42.255816316543104,-71.7977182168355,"Belmont, NC",35.22117177784096,-81.04009100696649
2023,STATE,MD,,Maryland,LIKELY_INTERSTATE,INFERRED,8,39.03785641550878,-76.76493346709103,"Belmont, NC",35.22117177784096,-81.04009100696649
2023,STATE,ME,,Maine,LIKELY_INTERSTATE,INFERRED,2,45.36004087593969,-69.24274701104633,"Belmont, NC",35.22117177784096,-81.04009100696649
2023,STATE,MI,,Michigan,LIKELY_INTERSTATE,INFERRED,8,44.31937386941218,-85.38538790413351,"Belmont, NC",35.22117177784096,-81.04009100696649
2023,STATE,MN,,Minnesota,LIKELY_INTERSTATE,INFERRED,3,46.28041649056275,-94.30718404737094,"Belmont, NC",35.22117177784096,-81.04009100696649
2023,STATE,MO,,Missouri,LIKELY_INTERSTATE,INFERRED,7,38.35768861327401,-92.45901758277384,"Belmont, NC",35.22117177784096,-81.04009100696649
2023,STATE,NE,,Nebraska,LIKELY_INTERSTATE,INFERRED,1,41.53897059661713,-99.79472310860169,"Belmont, NC",35.22117177784096,-81.04009100696649
2023,STATE,NH,,New Hampshire,LIKELY_INTERSTATE,INFERRED,1,43.67943432730117,-71.58188993134762,"Belmont, NC",35.22117177784096,-81.04009100696649
2023,STATE,NJ,,New Jersey,LIKELY_INTERSTATE,INFERRED,7,40.17985188733225,-74.66480227556326,"Belmont, NC",35.22117177784096,-81.04009100696649
2023,STATE,NV,,Nevada,LIKELY_INTERSTATE,INFERRED,1,39.33168726884352,-116.62518134776572,"Belmont, NC",35.22117177784096,-81.04009100696649
2023,STATE,NY,,New York,LIKELY_INTERSTATE,INFERRED,31,42.93889286614667,-75.51233274442579,"Belmont, NC",35.22117177784096,-81.04009100696649
2023,STATE,OH,,Ohio,LIKELY_INTERSTATE,INFERRED,19,40.287860976537495,-82.79610435848963,"Belmont, NC",35.22117177784096,-81.04009100696649
2023,STATE,PA,,Pennsylvania,LIKELY_INTERSTATE,INFERRED,21,40.87930649663473,-77.8014225886494,"Belmont, NC",35.22117177784096,-81.04009100696649
2023,STATE,RI,,Rhode Island,LIKELY_INTERSTATE,INFERRED,1,41.67579802500551,-71.5539808817285,"Belmont, NC",35.22117177784096,-81.04009100696649
2023,STATE,SC,,South Carolina,LIKELY_INTERSTATE,INFERRED,15,33.90748034803903,-80.89156682738907,"Belmont, NC",35.22117177784096,-81.04009100696649
2023,STATE,SD,,South Dakota,LIKELY_INTERSTATE,INFERRED,2,44.44455898880628,-100.22685756265784,"Belmont, NC",35.22117177784096,-81.04009100696649
2023,STATE,TN,,Tennessee,LIKELY_INTERSTATE,INFERRED,3,35.86155915153913,-86.35121521678391,"Belmont, NC",35.22117177784096,-81.04009100696649
2023,STATE,TX,,Texas,LIKELY_INTERSTATE,INFERRED,9,31.47679839840276,-99.32159658582172,"Belmont, NC",35.22117177784096,-81.04009100696649
2023,STATE,UT,,Utah,LIKELY_INTERSTATE,INFERRED,1,39.30705711463798,-111.66729766531152,"Belmont, NC",35.22117177784096,-81.04009100696649
2023,STATE,VA,,Virginia,LIKELY_INTERSTATE,INFERRED,10,37.52327730775844,-78.82595236892821,"Belmont, NC",35.22117177784096,-81.04009100696649
2023,STATE,WA,,Washington,LIKELY_INTERSTATE,INFERRED,4,47.3825012154174,-120.44797492989149,"Belmont, NC",35.22117177784096,-81.04009100696649
2023,STATE,WI,,Wisconsin,LIKELY_INTERSTATE,INFERRED,2,44.62461393686736,-89.99602543362398,"Belmont, NC",35.22117177784096,-81.04009100696649
2023,STATE,WV,,West Virginia,LIKELY_INTERSTATE,INFERRED,1,38.64199518801285,-80.6252617726051,"Belmont, NC",35.22117177784096,-81.04009100696649
2023,STATE,WY,,Wyoming,LIKELY_INTERSTATE,INFERRED,1,42.99629401150719,-107.54958918299356,"Belmont, NC",35.22117177784096,-81.04009100696649
2024,NC_COUNTY,NC,ALAMANCE,Alamance County,INTRASTATE,OBSERVED,1,36.04356978350832,-79.3994957896289,"Belmont, NC",35.22117177784096,-81.04009100696649
2024,NC_COUNTY,NC,BRUNSWICK,Brunswick County,INTRASTATE,OBSERVED,5,34.071564884386376,-78.2385613310926,"Belmont, NC",35.22117177784096,-81.04009100696649
2024,NC_COUNTY,NC,BUNCOMBE,Buncombe County,INTRASTATE,OBSERVED,10,35.61119345293204,-82.53015455609533,"Belmont, NC",35.22117177784096,-81.04009100696649
2024,NC_COUNTY,NC,BURKE,Burke County,INTRASTATE,OBSERVED,1,35.74958210762996,-81.70461451500731,"Belmont, NC",35.22117177784096,-81.04009100696649
2024,NC_COUNTY,NC,CABARRUS,Cabarrus County,INTRASTATE,OBSERVED,23,35.386772835539844,-80.5518923176394,"Belmont, NC",35.22117177784096,-81.04009100696649
2024,NC_COUNTY,NC,CABARRUS,Cabarrus County,INTRASTATE_HISTORY,HISTORICAL_OBSERVED,1,35.386772835539844,-80.5518923176394,"Belmont, NC",35.22117177784096,-81.04009100696649
2024,NC_COUNTY,NC,CARTERET,Carteret County,INTRASTATE,OBSERVED,1,34.83591901279082,-76.65930789446148,"Belmont, NC",35.22117177784096,-81.04009100696649
2024,NC_COUNTY,NC,CATAWBA,Catawba County,INTRASTATE,OBSERVED,10,35.66207984306163,-81.21509159261818,"Belmont, NC",35.22117177784096,-81.04009100696649
2024,NC_COUNTY,NC,CATAWBA,Catawba County,INTRASTATE_HISTORY,HISTORICAL_OBSERVED,1,35.66207984306163,-81.21509159261818,"Belmont, NC",35.22117177784096,-81.04009100696649
2024,NC_COUNTY,NC,CLAY,Clay County,INTRASTATE,OBSERVED,1,35.05726258260028,-83.75017837772336,"Belmont, NC",35.22117177784096,-81.04009100696649
2024,NC_COUNTY,NC,CLEVELAND,Cleveland County,INTRASTATE,OBSERVED,18,35.33399154637611,-81.55550498010103,"Belmont, NC",35.22117177784096,-81.04009100696649
2024,NC_COUNTY,NC,CRAVEN,Craven County,INTRASTATE,OBSERVED,1,35.12467137990156,-77.09350226847458,"Belmont, NC",35.22117177784096,-81.04009100696649
2024,NC_COUNTY,NC,CUMBERLAND,Cumberland County,INTRASTATE,OBSERVED,7,35.04867707071828,-78.82765130297253,"Belmont, NC",35.22117177784096,-81.04009100696649
2024,NC_COUNTY,NC,DAVIDSON,Davidson County,INTRASTATE,OBSERVED,2,35.79312147781754,-80.21270323395977,"Belmont, NC",35.22117177784096,-81.04009100696649
2024,NC_COUNTY,NC,DURHAM,Durham County,INTRASTATE,OBSERVED,8,36.03590148047604,-78.87665436662104,"Belmont, NC",35.22117177784096,-81.04009100696649
2024,NC_COUNTY,NC,FORSYTH,Forsyth County,INTRASTATE,OBSERVED,6,36.130573721893136,-80.25640911600267,"Belmont, NC",35.22117177784096,-81.04009100696649
2024,NC_COUNTY,NC,GASTON,Gaston County,INTRASTATE,OBSERVED,418,35.294354650291226,-81.18025260813421,"Belmont, NC",35.22117177784096,-81.04009100696649
2024,NC_COUNTY,NC,GASTON,Gaston County,INTRASTATE_HISTORY,HISTORICAL_OBSERVED,10,35.294354650291226,-81.18025260813421,"Belmont, NC",35.22117177784096,-81.04009100696649
2024,NC_COUNTY,NC,GATES,Gates County,INTRASTATE,OBSERVED,1,36.444941540254085,-76.70046411317489,"Belmont, NC",35.22117177784096,-81.04009100696649
2024,NC_COUNTY,NC,GUILFORD,Guilford County,INTRASTATE,OBSERVED,12,36.07946084123937,-79.7889324888994,"Belmont, NC",35.22117177784096,-81.04009100696649
2024,NC_COUNTY,NC,HAYWOOD,Haywood County,INTRASTATE,OBSERVED,1,35.55592010050248,-82.98205532932124,"Belmont, NC",35.22117177784096,-81.04009100696649
2024,NC_COUNTY,NC,HENDERSON,Henderson County,INTRASTATE,OBSERVED,1,35.33628082915664,-82.48001411773696,"Belmont, NC",35.22117177784096,-81.04009100696649
2024,NC_COUNTY,NC,HENDERSON,Henderson County,INTRASTATE_HISTORY,HISTORICAL_OBSERVED,1,35.33628082915664,-82.48001411773696,"Belmont, NC",35.22117177784096,-81.04009100696649
2024,NC_COUNTY,NC,IREDELL,Iredell County,INTRASTATE,OBSERVED,8,35.80681999258031,-80.87350048287874,"Belmont, NC",35.22117177784096,-81.04009100696649
2024,NC_COUNTY,NC,JACKSON,Jackson County,INTRASTATE,OBSERVED,4,35.28748188245961,-83.14074324457448,"Belmont, NC",35.22117177784096,-81.04009100696649
2024,NC_COUNTY,NC,JOHNSTON,Johnston County,INTRASTATE,OBSERVED,4,35.51774182450904,-78.36583517790054,"Belmont, NC",35.22117177784096,-81.04009100696649
2024,NC_COUNTY,NC,LINCOLN,Lincoln County,INTRASTATE,OBSERVED,14,35.485689248223174,-81.22347171058279,"Belmont, NC",35.22117177784096,-81.04009100696649
2024,NC_COUNTY,NC,MACON,Macon County,INTRASTATE,OBSERVED,1,35.15052735955312,-83.42211331713457,"Belmont, NC",35.22117177784096,-81.04009100696649
2024,NC_COUNTY,NC,MADISON,Madison County,INTRASTATE_HISTORY,HISTORICAL_OBSERVED,1,35.85801631813364,-82.7058704633986,"Belmont, NC",35.22117177784096,-81.04009100696649
2024,NC_COUNTY,NC,MCDOWELL,Mcdowell County,INTRASTATE,OBSERVED,2,35.68165796070379,-82.04936198653988,"Belmont, NC",35.22117177784096,-81.04009100696649
2024,NC_COUNTY,NC,MECKLENBURG,Mecklenburg County,INTRASTATE,OBSERVED,410,35.24659284892326,-80.83279692633934,"Belmont, NC",35.22117177784096,-81.04009100696649
2024,NC_COUNTY,NC,MECKLENBURG,Mecklenburg County,INTRASTATE_HISTORY,HISTORICAL_OBSERVED,15,35.24659284892326,-80.83279692633934,"Belmont, NC",35.22117177784096,-81.04009100696649
2024,NC_COUNTY,NC,MOORE,Moore County,INTRASTATE,OBSERVED,2,35.310577226326764,-79.4813012812718,"Belmont, NC",35.22117177784096,-81.04009100696649
2024,NC_COUNTY,NC,NASH,Nash County,INTRASTATE,OBSERVED,1,35.96719753076504,-77.98666431782628,"Belmont, NC",35.22117177784096,-81.04009100696649
2024,NC_COUNTY,NC,NEW HANOVER,New Hanover County,INTRASTATE,OBSERVED,3,34.23279422545474,-77.88481602758729,"Belmont, NC",35.22117177784096,-81.04009100696649
2024,NC_COUNTY,NC,NEW HANOVER,New Hanover County,INTRASTATE_HISTORY,HISTORICAL_OBSERVED,1,34.23279422545474,-77.88481602758729,"Belmont, NC",35.22117177784096,-81.04009100696649
2024,NC_COUNTY,NC,ONSLOW,Onslow County,INTRASTATE,OBSERVED,2,34.732162549183485,-77.4321855584936,"Belmont, NC",35.22117177784096,-81.04009100696649
2024,NC_COUNTY,NC,ORANGE,Orange County,INTRASTATE,OBSERVED,8,36.06101884485183,-79.12073315372179,"Belmont, NC",35.22117177784096,-81.04009100696649
2024,NC_COUNTY,NC,ORANGE,Orange County,INTRASTATE_HISTORY,HISTORICAL_OBSERVED,1,36.06101884485183,-79.12073315372179,"Belmont, NC",35.22117177784096,-81.04009100696649
2024,NC_COUNTY,NC,PAMLICO,Pamlico County,INTRASTATE,OBSERVED,1,35.143457317633846,-76.74083852952478,"Belmont, NC",35.22117177784096,-81.04009100696649
2024,NC_COUNTY,NC,PASQUOTANK,Pasquotank County,INTRASTATE_HISTORY,HISTORICAL_OBSERVED,1,36.29545788045081,-76.28410563908919,"Belmont, NC",35.22117177784096,-81.04009100696649
2024,NC_COUNTY,NC,PENDER,Pender County,INTRASTATE,OBSERVED,1,34.52489257089181,-77.90520676640227,"Belmont, NC",35.22117177784096,-81.04009100696649
2024,NC_COUNTY,NC,PERSON,Person County,INTRASTATE,OBSERVED,1,36.38996628564747,-78.9718125408047,"Belmont, NC",35.22117177784096,-81.04009100696649
2024,NC_COUNTY,NC,PITT,Pitt County,INTRASTATE,OBSERVED,7,35.593207072532294,-77.37446702606579,"Belmont, NC",35.22117177784096,-81.04009100696649
2024,NC_COUNTY,NC,RANDOLPH,Randolph County,INTRASTATE,OBSERVED,2,35.71028605270466,-79.80605612909036,"Belmont, NC",35.22117177784096,-81.04009100696649
2024,NC_COUNTY,NC,ROBESON,Robeson County,INTRASTATE,OBSERVED,2,34.64009494809851,-79.10398344279173,"Belmont, NC",35.22117177784096,-81.04009100696649
2024,NC_COUNTY,NC,ROWAN,Rowan County,INTRASTATE,OBSERVED,1,35.63942430786188,-80.52462655561763,"Belmont, NC",35.22117177784096,-81.04009100696649
2024,NC_COUNTY,NC,RUTHERFORD,Rutherford County,INTRASTATE,OBSERVED,2,35.40255418041544,-81.9198160736472,"Belmont, NC",35.22117177784096,-81.04009100696649
2024,NC_COUNTY,NC,STANLY,Stanly County,INTRASTATE,OBSERVED,2,35.31185948181319,-80.25106604580184,"Belmont, NC",35.22117177784096,-81.04009100696649
2024,NC_COUNTY,NC,STOKES,Stokes County,INTRASTATE,OBSERVED,1,36.40189540513543,-80.23967311555384,"Belmont, NC",35.22117177784096,-81.04009100696649
2024,NC_COUNTY,NC,SURRY,Surry County,INTRASTATE,OBSERVED,1,36.41460748816858,-80.6879835277666,"Belmont, NC",35.22117177784096,-81.04009100696649
2024,NC_COUNTY,NC,TRANSYLVANIA,Transylvania County,INTRASTATE,OBSERVED,2,35.202117211379175,-82.79832800077503,"Belmont, NC",35.22117177784096,-81.04009100696649
2024,NC_COUNTY,NC,UNION,Union County,INTRASTATE,OBSERVED,24,34.98838839323316,-80.53082116524683,"Belmont, NC",35.22117177784096,-81.04009100696649
2024,NC_COUNTY,NC,VANCE,Vance County,INTRASTATE,OBSERVED,1,36.36479384976136,-78.40797135500591,"Belmont, NC",35.22117177784096,-81.04009100696649
2024,NC_COUNTY,NC,WAKE,Wake County,INTRASTATE,OBSERVED,17,35.790281477623374,-78.65053399734842,"Belmont, NC",35.22117177784096,-81.04009100696649
2024,NC_COUNTY,NC,WAKE,Wake County,INTRASTATE_HISTORY,HISTORICAL_OBSERVED,1,35.790281477623374,-78.65053399734842,"Belmont, NC",35.22117177784096,-81.04009100696649
2024,NC_COUNTY,NC,WATAUGA,Watauga County,INTRASTATE,OBSERVED,10,36.23110745983036,-81.69639836242078,"Belmont, NC",35.22117177784096,-81.04009100696649
2024,NC_COUNTY,NC,WATAUGA,Watauga County,INTRASTATE_HISTORY,HISTORICAL_OBSERVED,1,36.23110745983036,-81.69639836242078,"Belmont, NC",35.22117177784096,-81.04009100696649
2024,NC_COUNTY,NC,WAYNE,Wayne County,INTRASTATE,OBSERVED,1,35.36388030134217,-78.00411250066064,"Belmont, NC",35.22117177784096,-81.04009100696649
2024,NC_COUNTY,NC,WILKES,Wilkes County,INTRASTATE,OBSERVED,2,36.20618110588303,-81.16305922307903,"Belmont, NC",35.22117177784096,-81.04009100696649
2024,STATE,AK,,Alaska,LIKELY_INTERSTATE,INFERRED,1,63.93032170114928,-152.21349353042285,"Belmont, NC",35.22117177784096,-81.04009100696649
2024,STATE,AL,,Alabama,LIKELY_INTERSTATE,INFERRED,2,32.77865398432238,-86.83208592589429,"Belmont, NC",35.22117177784096,-81.04009100696649
2024,STATE,AZ,,Arizona,LIKELY_INTERSTATE,INFERRED,2,34.277771410015134,-111.6566662412393,"Belmont, NC",35.22117177784096,-81.04009100696649
2024,STATE,CA,,California,LIKELY_INTERSTATE,INFERRED,21,37.195015980975256,-119.45260752173496,"Belmont, NC",35.22117177784096,-81.04009100696649
2024,STATE,CT,,Connecticut,LIKELY_INTERSTATE,INFERRED,6,41.62087941418429,-72.72674329652416,"Belmont, NC",35.22117177784096,-81.04009100696649
2024,STATE,DC,,District of Columbia,LIKELY_INTERSTATE,INFERRED,1,38.90471868390403,-77.01628184916417,"Belmont, NC",35.22117177784096,-81.04009100696649
2024,STATE,DE,,Delaware,LIKELY_INTERSTATE,INFERRED,1,38.98498921805609,-75.49970439017494,"Belmont, NC",35.22117177784096,-81.04009100696649
2024,STATE,FL,,Florida,LIKELY_INTERSTATE,INFERRED,16,28.62044930535815,-82.45830296594168,"Belmont, NC",35.22117177784096,-81.04009100696649
2024,STATE,GA,,Georgia,LIKELY_INTERSTATE,INFERRED,9,32.639846433271394,-83.43858043148052,"Belmont, NC",35.22117177784096,-81.04009100696649
2024,STATE,IA,,Iowa,LIKELY_INTERSTATE,INFERRED,3,42.07570717215674,-93.49667517230012,"Belmont, NC",35.22117177784096,-81.04009100696649
2024,STATE,ID,,Idaho,LIKELY_INTERSTATE,INFERRED,1,44.351754235719305,-114.60703931394234,"Belmont, NC",35.22117177784096,-81.04009100696649
2024,STATE,IL,,Illinois,LIKELY_INTERSTATE,INFERRED,19,40.04261742732908,-89.19893900970987,"Belmont, NC",35.22117177784096,-81.04009100696649
2024,STATE,IN,,Indiana,LIKELY_INTERSTATE,INFERRED,4,39.89463686417238,-86.2833957949957,"Belmont, NC",35.22117177784096,-81.04009100696649
2024,STATE,KS,,Kansas,LIKELY_INTERSTATE,INFERRED,2,38.49574371430764,-98.37884819171762,"Belmont, NC",35.22117177784096,-81.04009100696649
2024,STATE,KY,,Kentucky,LIKELY_INTERSTATE,INFERRED,4,37.53712733600597,-85.30346084723276,"Belmont, NC",35.22117177784096,-81.04009100696649
2024,STATE,LA,,Louisiana,LIKELY_INTERSTATE,INFERRED,3,31.05523158022833,-91.97443411850524,"Belmont, NC",35.22117177784096,-81.04009100696649
2024,STATE,MA,,Massachusetts,LIKELY_INTERSTATE,INFERRED,11,42.255816316543104,-71.7977182168355,"Belmont, NC",35.22117177784096,-81.04009100696649
2024,STATE,MD,,Maryland,LIKELY_INTERSTATE,INFERRED,7,39.03785641550878,-76.76493346709103,"Belmont, NC",35.22117177784096,-81.04009100696649
2024,STATE,MI,,Michigan,LIKELY_INTERSTATE,INFERRED,5,44.31937386941218,-85.38538790413351,"Belmont, NC",35.22117177784096,-81.04009100696649
2024,STATE,MN,,Minnesota,LIKELY_INTERSTATE,INFERRED,3,46.28041649056275,-94.30718404737094,"Belmont, NC",35.22117177784096,-81.04009100696649
2024,STATE,MO,,Missouri,LIKELY_INTERSTATE,INFERRED,3,38.35768861327401,-92.45901758277384,"Belmont, NC",35.22117177784096,-81.04009100696649
2024,STATE,MS,,Mississippi,LIKELY_INTERSTATE,INFERRED,1,32.73733149907692,-89.66953793664956,"Belmont, NC",35.22117177784096,-81.04009100696649
2024,STATE,MT,,Montana,LIKELY_INTERSTATE,INFERRED,1,47.05134978839722,-109.62964658129494,"Belmont, NC",35.22117177784096,-81.04009100696649
2024,STATE,NE,,Nebraska,LIKELY_INTERSTATE,INFERRED,2,41.53897059661713,-99.79472310860169,"Belmont, NC",35.22117177784096,-81.04009100696649
2024,STATE,NH,,New Hampshire,LIKELY_INTERSTATE,INFERRED,2,43.67943432730117,-71.58188993134762,"Belmont, NC",35.22117177784096,-81.04009100696649
2024,STATE,NJ,,New Jersey,LIKELY_INTERSTATE,INFERRED,13,40.17985188733225,-74.66480227556326,"Belmont, NC",35.22117177784096,-81.04009100696649
2024,STATE,NM,,New Mexico,LIKELY_INTERSTATE,INFERRED,1,34.41052078321361,-106.11095550919292,"Belmont, NC",35.22117177784096,-81.04009100696649
2024,STATE,NV,,Nevada,LIKELY_INTERSTATE,INFERRED,2,39.33168726884352,-116.62518134776572,"Belmont, NC",35.22117177784096,-81.04009100696649
2024,STATE,NY,,New York,LIKELY_INTERSTATE,INFERRED,30,42.93889286614667,-75.51233274442579,"Belmont, NC",35.22117177784096,-81.04009100696649
2024,STATE,OH,,Ohio,LIKELY_INTERSTATE,INFERRED,19,40.287860976537495,-82.79610435848963,"Belmont, NC",35.22117177784096,-81.04009100696649
2024,STATE,OK,,Oklahoma,LIKELY_INTERSTATE,INFERRED,2,35.591307041901764,-97.49368304496312,"Belmont, NC",35.22117177784096,-81.04009100696649
2024,STATE,OR,,Oregon,LIKELY_INTERSTATE,INFERRED,1,43.935546346319605,-120.55672578928844,"Belmont, NC",35.22117177784096,-81.04009100696649
2024,STATE,PA,,Pennsylvania,LIKELY_INTERSTATE,INFERRED,26,40.87930649663473,-77.8014225886494,"Belmont, NC",35.22117177784096,-81.04009100696649
2024,STATE,RI,,Rhode Island,LIKELY_INTERSTATE,INFERRED,5,41.67579802500551,-71.5539808817285,"Belmont, NC",35.22117177784096,-81.04009100696649
2024,STATE,SC,,South Carolina,LIKELY_INTERSTATE,INFERRED,14,33.90748034803903,-80.89156682738907,"Belmont, NC",35.22117177784096,-81.04009100696649
2024,STATE,SD,,South Dakota,LIKELY_INTERSTATE,INFERRED,4,44.44455898880628,-100.22685756265784,"Belmont, NC",35.22117177784096,-81.04009100696649
2024,STATE,TN,,Tennessee,LIKELY_INTERSTATE,INFERRED,2,35.86155915153913,-86.35121521678391,"Belmont, NC",35.22117177784096,-81.04009100696649
2024,STATE,TX,,Texas,LIKELY_INTERSTATE,INFERRED,9,31.47679839840276,-99.32159658582172,"Belmont, NC",35.22117177784096,-81.04009100696649
2024,STATE,VA,,Virginia,LIKELY_INTERSTATE,INFERRED,16,37.52327730775844,-78.82595236892821,"Belmont, NC",35.22117177784096,-81.04009100696649
2024,STATE,VT,,Vermont,LIKELY_INTERSTATE,INFERRED,2,44.06944684166543,-72.66743626999609,"Belmont, NC",35.22117177784096,-81.04009100696649
2024,STATE,WI,,Wisconsin,LIKELY_INTERSTATE,INFERRED,8,44.62461393686736,-89.99602543362398,"Belmont, NC",35.22117177784096,-81.04009100696649
2024,STATE,WV,,West Virginia,LIKELY_INTERSTATE,INFERRED,3,38.64199518801285,-80.6252617726051,"Belmont, NC",35.22117177784096,-81.04009100696649
2025,NC_COUNTY,NC,ALAMANCE,Alamance County,INTRASTATE,OBSERVED,1,36.04356978350832,-79.3994957896289,"Belmont, NC",35.22117177784096,-81.04009100696649
2025,NC_COUNTY,NC,ASHE,Ashe County,INTRASTATE,OBSERVED,1,36.43404508624506,-81.50032822936811,"Belmont, NC",35.22117177784096,-81.04009100696649
2025,NC_COUNTY,NC,AVERY,Avery County,INTRASTATE,OBSERVED,1,36.07650998979369,-81.92261590280219,"Belmont, NC",35.22117177784096,-81.04009100696649
2025,NC_COUNTY,NC,BRUNSWICK,Brunswick County,INTRASTATE,OBSERVED,11,34.071564884386376,-78.2385613310926,"Belmont, NC",35.22117177784096,-81.04009100696649
2025,NC_COUNTY,NC,BUNCOMBE,Buncombe County,INTRASTATE,OBSERVED,7,35.61119345293204,-82.53015455609533,"Belmont, NC",35.22117177784096,-81.04009100696649
2025,NC_COUNTY,NC,BURKE,Burke County,INTRASTATE,OBSERVED,2,35.74958210762996,-81.70461451500731,"Belmont, NC",35.22117177784096,-81.04009100696649
2025,NC_COUNTY,NC,CABARRUS,Cabarrus County,INTRASTATE,OBSERVED,8,35.386772835539844,-80.5518923176394,"Belmont, NC",35.22117177784096,-81.04009100696649
2025,NC_COUNTY,NC,CALDWELL,Caldwell County,INTRASTATE,OBSERVED,2,35.953004401220724,-81.54633832545225,"Belmont, NC",35.22117177784096,-81.04009100696649
2025,NC_COUNTY,NC,CATAWBA,Catawba County,INTRASTATE,OBSERVED,5,35.66207984306163,-81.21509159261818,"Belmont, NC",35.22117177784096,-81.04009100696649
2025,NC_COUNTY,NC,CLEVELAND,Cleveland County,INTRASTATE,OBSERVED,6,35.33399154637611,-81.55550498010103,"Belmont, NC",35.22117177784096,-81.04009100696649
2025,NC_COUNTY,NC,DAVIDSON,Davidson County,INTRASTATE,OBSERVED,3,35.79312147781754,-80.21270323395977,"Belmont, NC",35.22117177784096,-81.04009100696649
2025,NC_COUNTY,NC,DURHAM,Durham County,INTRASTATE,OBSERVED,1,36.03590148047604,-78.87665436662104,"Belmont, NC",35.22117177784096,-81.04009100696649
2025,NC_COUNTY,NC,FORSYTH,Forsyth County,INTRASTATE,OBSERVED,3,36.130573721893136,-80.25640911600267,"Belmont, NC",35.22117177784096,-81.04009100696649
2025,NC_COUNTY,NC,GASTON,Gaston County,INTRASTATE,OBSERVED,257,35.294354650291226,-81.18025260813421,"Belmont, NC",35.22117177784096,-81.04009100696649
2025,NC_COUNTY,NC,GASTON,Gaston County,INTRASTATE_HISTORY,HISTORICAL_OBSERVED,1,35.294354650291226,-81.18025260813421,"Belmont, NC",35.22117177784096,-81.04009100696649
2025,NC_COUNTY,NC,GUILFORD,Guilford County,INTRASTATE,OBSERVED,7,36.07946084123937,-79.7889324888994,"Belmont, NC",35.22117177784096,-81.04009100696649
2025,NC_COUNTY,NC,HAYWOOD,Haywood County,INTRASTATE,OBSERVED,2,35.55592010050248,-82.98205532932124,"Belmont, NC",35.22117177784096,-81.04009100696649
2025,NC_COUNTY,NC,HENDERSON,Henderson County,INTRASTATE,OBSERVED,1,35.33628082915664,-82.48001411773696,"Belmont, NC",35.22117177784096,-81.04009100696649
2025,NC_COUNTY,NC,IREDELL,Iredell County,INTRASTATE,OBSERVED,11,35.80681999258031,-80.87350048287874,"Belmont, NC",35.22117177784096,-81.04009100696649
2025,NC_COUNTY,NC,JACKSON,Jackson County,INTRASTATE,OBSERVED,1,35.28748188245961,-83.14074324457448,"Belmont, NC",35.22117177784096,-81.04009100696649
2025,NC_COUNTY,NC,JOHNSTON,Johnston County,INTRASTATE,OBSERVED,3,35.51774182450904,-78.36583517790054,"Belmont, NC",35.22117177784096,-81.04009100696649
2025,NC_COUNTY,NC,LEE,Lee County,INTRASTATE,OBSERVED,3,35.475173938684016,-79.17153614048837,"Belmont, NC",35.22117177784096,-81.04009100696649
2025,NC_COUNTY,NC,LINCOLN,Lincoln County,INTRASTATE,OBSERVED,14,35.485689248223174,-81.22347171058279,"Belmont, NC",35.22117177784096,-81.04009100696649
2025,NC_COUNTY,NC,MECKLENBURG,Mecklenburg County,INTRASTATE,OBSERVED,233,35.24659284892326,-80.83279692633934,"Belmont, NC",35.22117177784096,-81.04009100696649
2025,NC_COUNTY,NC,MECKLENBURG,Mecklenburg County,INTRASTATE_HISTORY,HISTORICAL_OBSERVED,2,35.24659284892326,-80.83279692633934,"Belmont, NC",35.22117177784096,-81.04009100696649
2025,NC_COUNTY,NC,MOORE,Moore County,INTRASTATE,OBSERVED,2,35.310577226326764,-79.4813012812718,"Belmont, NC",35.22117177784096,-81.04009100696649
2025,NC_COUNTY,NC,ONSLOW,Onslow County,INTRASTATE,OBSERVED,1,34.732162549183485,-77.4321855584936,"Belmont, NC",35.22117177784096,-81.04009100696649
2025,NC_COUNTY,NC,PERQUIMANS,Perquimans County,INTRASTATE,OBSERVED,2,36.205822243304205,-76.441110133131,"Belmont, NC",35.22117177784096,-81.04009100696649
2025,NC_COUNTY,NC,PITT,Pitt County,INTRASTATE,OBSERVED,1,35.593207072532294,-77.37446702606579,"Belmont, NC",35.22117177784096,-81.04009100696649
2025,NC_COUNTY,NC,RANDOLPH,Randolph County,INTRASTATE,OBSERVED,1,35.71028605270466,-79.80605612909036,"Belmont, NC",35.22117177784096,-81.04009100696649
2025,NC_COUNTY,NC,ROCKINGHAM,Rockingham County,INTRASTATE,OBSERVED,1,36.39603618096806,-79.77502142142185,"Belmont, NC",35.22117177784096,-81.04009100696649
2025,NC_COUNTY,NC,ROWAN,Rowan County,INTRASTATE,OBSERVED,2,35.63942430786188,-80.52462655561763,"Belmont, NC",35.22117177784096,-81.04009100696649
2025,NC_COUNTY,NC,RUTHERFORD,Rutherford County,INTRASTATE,OBSERVED,2,35.40255418041544,-81.9198160736472,"Belmont, NC",35.22117177784096,-81.04009100696649
2025,NC_COUNTY,NC,SCOTLAND,Scotland County,INTRASTATE,OBSERVED,1,34.84082903793072,-79.4804090831792,"Belmont, NC",35.22117177784096,-81.04009100696649
2025,NC_COUNTY,NC,UNION,Union County,INTRASTATE,OBSERVED,19,34.98838839323316,-80.53082116524683,"Belmont, NC",35.22117177784096,-81.04009100696649
2025,NC_COUNTY,NC,UNION,Union County,INTRASTATE_HISTORY,HISTORICAL_OBSERVED,2,34.98838839323316,-80.53082116524683,"Belmont, NC",35.22117177784096,-81.04009100696649
2025,NC_COUNTY,NC,WAKE,Wake County,INTRASTATE,OBSERVED,14,35.790281477623374,-78.65053399734842,"Belmont, NC",35.22117177784096,-81.04009100696649
2025,NC_COUNTY,NC,WAKE,Wake County,INTRASTATE_HISTORY,HISTORICAL_OBSERVED,1,35.790281477623374,-78.65053399734842,"Belmont, NC",35.22117177784096,-81.04009100696649
2025,NC_COUNTY,NC,WATAUGA,Watauga County,INTRASTATE,OBSERVED,3,36.23110745983036,-81.69639836242078,"Belmont, NC",35.22117177784096,-81.04009100696649
2025,STATE,AK,,Alaska,LIKELY_INTERSTATE,INFERRED,1,63.93032170114928,-152.21349353042285,"Belmont, NC",35.22117177784096,-81.04009100696649
2025,STATE,AL,,Alabama,LIKELY_INTERSTATE,INFERRED,2,32.77865398432238,-86.83208592589429,"Belmont, NC",35.22117177784096,-81.04009100696649
2025,STATE,AZ,,Arizona,LIKELY_INTERSTATE,INFERRED,3,34.277771410015134,-111.6566662412393,"Belmont, NC",35.22117177784096,-81.04009100696649
2025,STATE,CA,,California,LIKELY_INTERSTATE,INFERRED,27,37.195015980975256,-119.45260752173496,"Belmont, NC",35.22117177784096,-81.04009100696649
2025,STATE,CO,,Colorado,LIKELY_INTERSTATE,INFERRED,2,38.9991768781769,-105.54646491483976,"Belmont, NC",35.22117177784096,-81.04009100696649
2025,STATE,CT,,Connecticut,LIKELY_INTERSTATE,INFERRED,5,41.62087941418429,-72.72674329652416,"Belmont, NC",35.22117177784096,-81.04009100696649
2025,STATE,DC,,District of Columbia,LIKELY_INTERSTATE,INFERRED,2,38.90471868390403,-77.01628184916417,"Belmont, NC",35.22117177784096,-81.04009100696649
2025,STATE,FL,,Florida,LIKELY_INTERSTATE,INFERRED,9,28.62044930535815,-82.45830296594168,"Belmont, NC",35.22117177784096,-81.04009100696649
2025,STATE,GA,,Georgia,LIKELY_INTERSTATE,INFERRED,9,32.639846433271394,-83.43858043148052,"Belmont, NC",35.22117177784096,-81.04009100696649
2025,STATE,HI,,Hawaii,LIKELY_INTERSTATE,INFERRED,1,20.265583655526736,-156.33090583031864,"Belmont, NC",35.22117177784096,-81.04009100696649
2025,STATE,IA,,Iowa,LIKELY_INTERSTATE,INFERRED,3,42.07570717215674,-93.49667517230012,"Belmont, NC",35.22117177784096,-81.04009100696649
2025,STATE,ID,,Idaho,LIKELY_INTERSTATE,INFERRED,1,44.351754235719305,-114.60703931394234,"Belmont, NC",35.22117177784096,-81.04009100696649
2025,STATE,IL,,Illinois,LIKELY_INTERSTATE,INFERRED,29,40.04261742732908,-89.19893900970987,"Belmont, NC",35.22117177784096,-81.04009100696649
2025,STATE,IN,,Indiana,LIKELY_INTERSTATE,INFERRED,5,39.89463686417238,-86.2833957949957,"Belmont, NC",35.22117177784096,-81.04009100696649
2025,STATE,KS,,Kansas,LIKELY_INTERSTATE,INFERRED,4,38.49574371430764,-98.37884819171762,"Belmont, NC",35.22117177784096,-81.04009100696649
2025,STATE,KY,,Kentucky,LIKELY_INTERSTATE,INFERRED,2,37.53712733600597,-85.30346084723276,"Belmont, NC",35.22117177784096,-81.04009100696649
2025,STATE,LA,,Louisiana,LIKELY_INTERSTATE,INFERRED,1,31.05523158022833,-91.97443411850524,"Belmont, NC",35.22117177784096,-81.04009100696649
2025,STATE,MA,,Massachusetts,LIKELY_INTERSTATE,INFERRED,7,42.255816316543104,-71.7977182168355,"Belmont, NC",35.22117177784096,-81.04009100696649
2025,STATE,MD,,Maryland,LIKELY_INTERSTATE,INFERRED,15,39.03785641550878,-76.76493346709103,"Belmont, NC",35.22117177784096,-81.04009100696649
2025,STATE,MI,,Michigan,LIKELY_INTERSTATE,INFERRED,9,44.31937386941218,-85.38538790413351,"Belmont, NC",35.22117177784096,-81.04009100696649
2025,STATE,MN,,Minnesota,LIKELY_INTERSTATE,INFERRED,3,46.28041649056275,-94.30718404737094,"Belmont, NC",35.22117177784096,-81.04009100696649
2025,STATE,MO,,Missouri,LIKELY_INTERSTATE,INFERRED,2,38.35768861327401,-92.45901758277384,"Belmont, NC",35.22117177784096,-81.04009100696649
2025,STATE,MS,,Mississippi,LIKELY_INTERSTATE,INFERRED,1,32.73733149907692,-89.66953793664956,"Belmont, NC",35.22117177784096,-81.04009100696649
2025,STATE,MT,,Montana,LIKELY_INTERSTATE,INFERRED,3,47.05134978839722,-109.62964658129494,"Belmont, NC",35.22117177784096,-81.04009100696649
2025,STATE,ND,,North Dakota,LIKELY_INTERSTATE,INFERRED,2,47.44949939270984,-100.46581296578026,"Belmont, NC",35.22117177784096,-81.04009100696649
2025,STATE,NE,,Nebraska,LIKELY_INTERSTATE,INFERRED,1,41.53897059661713,-99.79472310860169,"Belmont, NC",35.22117177784096,-81.04009100696649
2025,STATE,NH,,New Hampshire,LIKELY_INTERSTATE,INFERRED,2,43.67943432730117,-71.58188993134762,"Belmont, NC",35.22117177784096,-81.04009100696649
2025,STATE,NJ,,New Jersey,LIKELY_INTERSTATE,INFERRED,16,40.17985188733225,-74.66480227556326,"Belmont, NC",35.22117177784096,-81.04009100696649
2025,STATE,NM,,New Mexico,LIKELY_INTERSTATE,INFERRED,1,34.41052078321361,-106.11095550919292,"Belmont, NC",35.22117177784096,-81.04009100696649
2025,STATE,NY,,New York,LIKELY_INTERSTATE,INFERRED,41,42.93889286614667,-75.51233274442579,"Belmont, NC",35.22117177784096,-81.04009100696649
2025,STATE,OH,,Ohio,LIKELY_INTERSTATE,INFERRED,22,40.287860976537495,-82.79610435848963,"Belmont, NC",35.22117177784096,-81.04009100696649
2025,STATE,OK,,Oklahoma,LIKELY_INTERSTATE,INFERRED,3,35.591307041901764,-97.49368304496312,"Belmont, NC",35.22117177784096,-81.04009100696649
2025,STATE,PA,,Pennsylvania,LIKELY_INTERSTATE,INFERRED,15,40.87930649663473,-77.8014225886494,"Belmont, NC",35.22117177784096,-81.04009100696649
2025,STATE,RI,,Rhode Island,LIKELY_INTERSTATE,INFERRED,1,41.67579802500551,-71.5539808817285,"Belmont, NC",35.22117177784096,-81.04009100696649
2025,STATE,SC,,South Carolina,LIKELY_INTERSTATE,INFERRED,14,33.90748034803903,-80.89156682738907,"Belmont, NC",35.22117177784096,-81.04009100696649
2025,STATE,SD,,South Dakota,LIKELY_INTERSTATE,INFERRED,1,44.44455898880628,-100.22685756265784,"Belmont, NC",35.22117177784096,-81.04009100696649
2025,STATE,TN,,Tennessee,LIKELY_INTERSTATE,INFERRED,5,35.86155915153913,-86.35121521678391,"Belmont, NC",35.22117177784096,-81.04009100696649
2025,STATE,TX,,Texas,LIKELY_INTERSTATE,INFERRED,11,31.47679839840276,-99.32159658582172,"Belmont, NC",35.22117177784096,-81.04009100696649
2025,STATE,UT,,Utah,LIKELY_INTERSTATE,INFERRED,2,39.30705711463798,-111.66729766531152,"Belmont, NC",35.22117177784096,-81.04009100696649
2025,STATE,VA,,Virginia,LIKELY_INTERSTATE,INFERRED,14,37.52327730775844,-78.82595236892821,"Belmont, NC",35.22117177784096,-81.04009100696649
2025,STATE,WA,,Washington,LIKELY_INTERSTATE,INFERRED,3,47.3825012154174,-120.44797492989149,"Belmont, NC",35.22117177784096,-81.04009100696649
2025,STATE,WI,,Wisconsin,LIKELY_INTERSTATE,INFERRED,3,44.62461393686736,-89.99602543362398,"Belmont, NC",35.22117177784096,-81.04009100696649
2025,STATE,WV,,West Virginia,LIKELY_INTERSTATE,INFERRED,2,38.64199518801285,-80.6252617726051,"Belmont, NC",35.22117177784096,-81.04009100696649
